"","Kingdom","Phylum","Class","Order","Family","Genus"
"ASV10969","Bacteria","Verrucomicrobiota","Chlamydiae","Chlamydiales","cvE6","Unclassified_cvE6"
"ASV10972","Bacteria","Verrucomicrobiota","Chlamydiae","Chlamydiales","cvE6","Unclassified_cvE6"
"ASV10973","Bacteria","Verrucomicrobiota","Chlamydiae","Chlamydiales","cvE6","Unclassified_cvE6"
"ASV11005","Bacteria","Verrucomicrobiota","Chlamydiae","Chlamydiales","cvE6","Unclassified_cvE6"
"ASV11301","Bacteria","Verrucomicrobiota","Chlamydiae","Chlamydiales","Simkaniaceae","Ga0074140"
"ASV11364","Bacteria","Verrucomicrobiota","Chlamydiae","Chlamydiales","Parachlamydiaceae","Unclassified_Parachlamydiaceae"
"ASV11390","Bacteria","Verrucomicrobiota","Chlamydiae","Chlamydiales","Unclassified_Chlamydiales","Unclassified_Chlamydiales"
"ASV11439","Bacteria","Fusobacteriota","Fusobacteriia","Fusobacteriales","Fusobacteriaceae","Cetobacterium"
"ASV11457","Bacteria","Nitrospirota","Thermodesulfovibrionia","Unclassified_Thermodesulfovibrionia","Unclassified_Thermodesulfovibrionia","Unclassified_Thermodesulfovibrionia"
"ASV11459","Bacteria","Nitrospirota","Thermodesulfovibrionia","Unclassified_Thermodesulfovibrionia","Unclassified_Thermodesulfovibrionia","Unclassified_Thermodesulfovibrionia"
"ASV11464","Bacteria","Nitrospirota","Thermodesulfovibrionia","Unclassified_Thermodesulfovibrionia","Unclassified_Thermodesulfovibrionia","Unclassified_Thermodesulfovibrionia"
"ASV11470","Bacteria","Nitrospirota","Thermodesulfovibrionia","Unclassified_Thermodesulfovibrionia","Unclassified_Thermodesulfovibrionia","Unclassified_Thermodesulfovibrionia"
"ASV11471","Bacteria","Nitrospirota","Thermodesulfovibrionia","Unclassified_Thermodesulfovibrionia","Unclassified_Thermodesulfovibrionia","Unclassified_Thermodesulfovibrionia"
"ASV11473","Bacteria","Nitrospirota","Thermodesulfovibrionia","Unclassified_Thermodesulfovibrionia","Unclassified_Thermodesulfovibrionia","Unclassified_Thermodesulfovibrionia"
"ASV11480","Bacteria","Nitrospirota","Thermodesulfovibrionia","Unclassified_Thermodesulfovibrionia","Unclassified_Thermodesulfovibrionia","Unclassified_Thermodesulfovibrionia"
"ASV11482","Bacteria","Nitrospirota","Thermodesulfovibrionia","Unclassified_Thermodesulfovibrionia","Unclassified_Thermodesulfovibrionia","Unclassified_Thermodesulfovibrionia"
"ASV11489","Bacteria","Nitrospirota","Thermodesulfovibrionia","Unclassified_Thermodesulfovibrionia","Unclassified_Thermodesulfovibrionia","Unclassified_Thermodesulfovibrionia"
"ASV11491","Bacteria","Nitrospirota","Thermodesulfovibrionia","Unclassified_Thermodesulfovibrionia","Unclassified_Thermodesulfovibrionia","Unclassified_Thermodesulfovibrionia"
"ASV11492","Bacteria","Nitrospirota","Thermodesulfovibrionia","Unclassified_Thermodesulfovibrionia","Unclassified_Thermodesulfovibrionia","Unclassified_Thermodesulfovibrionia"
"ASV11502","Bacteria","Nitrospirota","Thermodesulfovibrionia","Unclassified_Thermodesulfovibrionia","Unclassified_Thermodesulfovibrionia","Unclassified_Thermodesulfovibrionia"
"ASV11503","Bacteria","Nitrospirota","Thermodesulfovibrionia","Unclassified_Thermodesulfovibrionia","Unclassified_Thermodesulfovibrionia","Unclassified_Thermodesulfovibrionia"
"ASV11511","Bacteria","Nitrospirota","Thermodesulfovibrionia","Unclassified_Thermodesulfovibrionia","Unclassified_Thermodesulfovibrionia","Unclassified_Thermodesulfovibrionia"
"ASV11512","Bacteria","Nitrospirota","Thermodesulfovibrionia","Unclassified_Thermodesulfovibrionia","Unclassified_Thermodesulfovibrionia","Unclassified_Thermodesulfovibrionia"
"ASV11523","Bacteria","Nitrospirota","Thermodesulfovibrionia","Unclassified_Thermodesulfovibrionia","Unclassified_Thermodesulfovibrionia","Unclassified_Thermodesulfovibrionia"
"ASV11533","Bacteria","Nitrospirota","Thermodesulfovibrionia","Unclassified_Thermodesulfovibrionia","Unclassified_Thermodesulfovibrionia","Unclassified_Thermodesulfovibrionia"
"ASV11536","Bacteria","Nitrospirota","Thermodesulfovibrionia","Unclassified_Thermodesulfovibrionia","Unclassified_Thermodesulfovibrionia","Unclassified_Thermodesulfovibrionia"
"ASV11566","Bacteria","Nitrospirota","Thermodesulfovibrionia","Unclassified_Thermodesulfovibrionia","Unclassified_Thermodesulfovibrionia","Unclassified_Thermodesulfovibrionia"
"ASV11572","Bacteria","Nitrospirota","Thermodesulfovibrionia","Unclassified_Thermodesulfovibrionia","Unclassified_Thermodesulfovibrionia","Unclassified_Thermodesulfovibrionia"
"ASV11573","Bacteria","Nitrospirota","Thermodesulfovibrionia","Unclassified_Thermodesulfovibrionia","Unclassified_Thermodesulfovibrionia","Unclassified_Thermodesulfovibrionia"
"ASV10808","Bacteria","Spirochaetota","Spirochaetia","Spirochaetales","Spirochaetaceae","Spirochaeta 2"
"ASV10382","Bacteria","Firmicutes","Negativicutes","Veillonellales-Selenomonadales","Sporomusaceae","Pelosinus"
"ASV10408","Bacteria","Firmicutes","Desulfitobacteriia","Desulfitobacteriales","Desulfitobacteriaceae","Desulfosporosinus"
"ASV10409","Bacteria","Firmicutes","Desulfitobacteriia","Desulfitobacteriales","Desulfitobacteriaceae","Desulfosporosinus"
"ASV10423","Bacteria","Firmicutes","Desulfitobacteriia","Desulfitobacteriales","Desulfitobacteriaceae","Desulfosporosinus"
"ASV10425","Bacteria","Firmicutes","Desulfitobacteriia","Desulfitobacteriales","Desulfitobacteriaceae","Desulfosporosinus"
"ASV10427","Bacteria","Firmicutes","Desulfitobacteriia","Desulfitobacteriales","Desulfitobacteriaceae","Desulfosporosinus"
"ASV10429","Bacteria","Firmicutes","Desulfitobacteriia","Desulfitobacteriales","Desulfitobacteriaceae","Desulfosporosinus"
"ASV10431","Bacteria","Firmicutes","Desulfitobacteriia","Desulfitobacteriales","Desulfitobacteriaceae","Desulfosporosinus"
"ASV10434","Bacteria","Firmicutes","Desulfitobacteriia","Desulfitobacteriales","Desulfitobacteriaceae","Desulfosporosinus"
"ASV10467","Bacteria","Firmicutes","Clostridia","Clostridiales","Clostridiaceae","Clostridium sensu stricto 1"
"ASV10477","Bacteria","Firmicutes","Clostridia","Clostridiales","Clostridiaceae","Clostridium sensu stricto 1"
"ASV10483","Bacteria","Firmicutes","Clostridia","Clostridiales","Clostridiaceae","Clostridium sensu stricto 13"
"ASV10494","Bacteria","Firmicutes","Clostridia","Clostridiales","Clostridiaceae","Clostridium sensu stricto 9"
"ASV10526","Bacteria","Firmicutes","Clostridia","Clostridiales","Clostridiaceae","Clostridium sensu stricto 13"
"ASV10533","Bacteria","Firmicutes","Clostridia","Clostridiales","Clostridiaceae","Clostridium sensu stricto 9"
"ASV10534","Bacteria","Firmicutes","Clostridia","Clostridiales","Clostridiaceae","Clostridium sensu stricto 9"
"ASV10553","Bacteria","Firmicutes","Clostridia","Peptostreptococcales-Tissierellales","Peptostreptococcaceae","Romboutsia"
"ASV10554","Bacteria","Firmicutes","Clostridia","Peptostreptococcales-Tissierellales","Peptostreptococcaceae","Terrisporobacter"
"ASV10586","Bacteria","Firmicutes","Bacilli","Bacillales","Bacillaceae","Bacillus"
"ASV10594","Bacteria","Firmicutes","Bacilli","Lactobacillales","Streptococcaceae","Lactococcus"
"ASV10647","Bacteria","Chloroflexi","Dehalococcoidia","vadinBA26","Unclassified_vadinBA26","Unclassified_vadinBA26"
"ASV10712","Bacteria","Chloroflexi","Dehalococcoidia","RBG-13-46-9","Unclassified_RBG-13-46-9","Unclassified_RBG-13-46-9"
"ASV10784","Bacteria","Firmicutes","Clostridia","Oscillospirales","Hungateiclostridiaceae","Ruminiclostridium"
"ASV9279","Bacteria","Cyanobacteria","Cyanobacteriia","Chloroplast","Unclassified_Chloroplast","Unclassified_Chloroplast"
"ASV9380","Bacteria","Elusimicrobiota","Unclassified_Elusimicrobiota","Unclassified_Elusimicrobiota","Unclassified_Elusimicrobiota","Unclassified_Elusimicrobiota"
"ASV9465","Bacteria","Elusimicrobiota","Elusimicrobia","Lineage IV","Unclassified_Lineage IV","Unclassified_Lineage IV"
"ASV9534","Bacteria","Elusimicrobiota","Elusimicrobia","Lineage IV","Unclassified_Lineage IV","Unclassified_Lineage IV"
"ASV9539","Bacteria","Elusimicrobiota","Elusimicrobia","Lineage IV","Unclassified_Lineage IV","Unclassified_Lineage IV"
"ASV9540","Bacteria","Elusimicrobiota","Elusimicrobia","Lineage IV","Unclassified_Lineage IV","Unclassified_Lineage IV"
"ASV9544","Bacteria","Elusimicrobiota","Elusimicrobia","Lineage IV","Unclassified_Lineage IV","Unclassified_Lineage IV"
"ASV9555","Bacteria","Elusimicrobiota","Elusimicrobia","Lineage IV","Unclassified_Lineage IV","Unclassified_Lineage IV"
"ASV9562","Bacteria","Elusimicrobiota","Elusimicrobia","Lineage IV","Unclassified_Lineage IV","Unclassified_Lineage IV"
"ASV9576","Bacteria","Elusimicrobiota","Elusimicrobia","Lineage IV","Unclassified_Lineage IV","Unclassified_Lineage IV"
"ASV9623","Bacteria","Acidobacteriota","Acidobacteriae","Solibacterales","Solibacteraceae","Candidatus Solibacter"
"ASV9625","Bacteria","Acidobacteriota","Acidobacteriae","Solibacterales","Solibacteraceae","Candidatus Solibacter"
"ASV9629","Bacteria","Acidobacteriota","Acidobacteriae","Solibacterales","Solibacteraceae","Candidatus Solibacter"
"ASV9680","Bacteria","Bacteroidota","Ignavibacteria","Ignavibacteriales","Unclassified_Ignavibacteriales","Unclassified_Ignavibacteriales"
"ASV9684","Bacteria","Bacteroidota","Kryptonia","Kryptoniales","BSV26","Unclassified_BSV26"
"ASV9704","Bacteria","Bacteroidota","Kryptonia","Kryptoniales","BSV26","Unclassified_BSV26"
"ASV9718","Bacteria","Bacteroidota","Kryptonia","Kryptoniales","BSV26","Unclassified_BSV26"
"ASV9726","Bacteria","Bacteroidota","Kryptonia","Kryptoniales","BSV26","Unclassified_BSV26"
"ASV9743","Bacteria","Bacteroidota","Bacteroidia","Cytophagales","Cytophagaceae","Cytophaga"
"ASV9782","Bacteria","Bacteroidota","Bacteroidia","Bacteroidales","Paludibacteraceae","Paludibacter"
"ASV9790","Bacteria","Bacteroidota","Bacteroidia","Bacteroidales","Paludibacteraceae","Unclassified_Paludibacteraceae"
"ASV9929","Bacteria","Bacteroidota","Bacteroidia","Sphingobacteriales","S15A-MN91","Unclassified_S15A-MN91"
"ASV9936","Bacteria","Bacteroidota","Bacteroidia","Sphingobacteriales","Lentimicrobiaceae","Unclassified_Lentimicrobiaceae"
"ASV9962","Bacteria","Bacteroidota","Bacteroidia","Sphingobacteriales","Sphingobacteriaceae","Mucilaginibacter"
"ASV9970","Bacteria","Bacteroidota","Bacteroidia","Sphingobacteriales","Sphingobacteriaceae","Mucilaginibacter"
"ASV9981","Bacteria","Bacteroidota","Bacteroidia","Sphingobacteriales","Sphingobacteriaceae","Mucilaginibacter"
"ASV9985","Bacteria","Bacteroidota","Bacteroidia","Sphingobacteriales","Sphingobacteriaceae","Mucilaginibacter"
"ASV9993","Bacteria","Bacteroidota","Bacteroidia","Sphingobacteriales","Sphingobacteriaceae","Mucilaginibacter"
"ASV10007","Bacteria","Bacteroidota","Bacteroidia","Sphingobacteriales","Sphingobacteriaceae","Mucilaginibacter"
"ASV10016","Bacteria","Bacteroidota","Bacteroidia","Sphingobacteriales","Sphingobacteriaceae","Mucilaginibacter"
"ASV10026","Bacteria","Bacteroidota","Bacteroidia","Sphingobacteriales","Sphingobacteriaceae","Mucilaginibacter"
"ASV10032","Bacteria","Bacteroidota","Bacteroidia","Sphingobacteriales","Sphingobacteriaceae","Mucilaginibacter"
"ASV10038","Bacteria","Bacteroidota","Bacteroidia","Sphingobacteriales","Sphingobacteriaceae","Pedobacter"
"ASV10171","Bacteria","Bacteroidota","Bacteroidia","Chitinophagales","Chitinophagaceae","Edaphobaculum"
"ASV10196","Bacteria","Bacteroidota","Bacteroidia","Chitinophagales","Chitinophagaceae","Ferruginibacter"
"ASV10217","Bacteria","Bacteroidota","Bacteroidia","Chitinophagales","Chitinophagaceae","Puia"
"ASV10225","Bacteria","Bacteroidota","Bacteroidia","Chitinophagales","Chitinophagaceae","UTBCD1"
"ASV10234","Bacteria","Bacteroidota","Bacteroidia","Chitinophagales","Chitinophagaceae","Sediminibacterium"
"ASV10236","Bacteria","Bacteroidota","Bacteroidia","Chitinophagales","Chitinophagaceae","Sediminibacterium"
"ASV10241","Bacteria","Bacteroidota","Bacteroidia","Chitinophagales","Chitinophagaceae","Sediminibacterium"
"ASV10245","Bacteria","Bacteroidota","Bacteroidia","Chitinophagales","Chitinophagaceae","Sediminibacterium"
"ASV10246","Bacteria","Bacteroidota","Bacteroidia","Chitinophagales","Chitinophagaceae","Sediminibacterium"
"ASV10286","Bacteria","Bacteroidota","Bacteroidia","Bacteroidales","Bacteroidetes vadinHA17","Unclassified_Bacteroidetes vadinHA17"
"ASV10287","Bacteria","Bacteroidota","Bacteroidia","Bacteroidales","Bacteroidetes vadinHA17","Unclassified_Bacteroidetes vadinHA17"
"ASV10309","Bacteria","Bacteroidota","Bacteroidia","Bacteroidales","Prolixibacteraceae","BSV13"
"ASV10311","Bacteria","Bacteroidota","Bacteroidia","Bacteroidales","Prolixibacteraceae","BSV13"
"ASV10316","Bacteria","Bacteroidota","Bacteroidia","Bacteroidales","Prolixibacteraceae","BSV13"
"ASV7816","Bacteria","Actinobacteriota","Coriobacteriia","OPB41","Unclassified_OPB41","Unclassified_OPB41"
"ASV7836","Bacteria","Actinobacteriota","Acidimicrobiia","IMCC26256","Unclassified_IMCC26256","Unclassified_IMCC26256"
"ASV7862","Bacteria","Actinobacteriota","Acidimicrobiia","Unclassified_Acidimicrobiia","Unclassified_Acidimicrobiia","Unclassified_Acidimicrobiia"
"ASV7864","Bacteria","Actinobacteriota","Acidimicrobiia","Unclassified_Acidimicrobiia","Unclassified_Acidimicrobiia","Unclassified_Acidimicrobiia"
"ASV7871","Bacteria","Actinobacteriota","Acidimicrobiia","Unclassified_Acidimicrobiia","Unclassified_Acidimicrobiia","Unclassified_Acidimicrobiia"
"ASV7874","Bacteria","Actinobacteriota","Acidimicrobiia","Unclassified_Acidimicrobiia","Unclassified_Acidimicrobiia","Unclassified_Acidimicrobiia"
"ASV7876","Bacteria","Actinobacteriota","Acidimicrobiia","Unclassified_Acidimicrobiia","Unclassified_Acidimicrobiia","Unclassified_Acidimicrobiia"
"ASV7877","Bacteria","Actinobacteriota","Acidimicrobiia","Unclassified_Acidimicrobiia","Unclassified_Acidimicrobiia","Unclassified_Acidimicrobiia"
"ASV7884","Bacteria","Actinobacteriota","Acidimicrobiia","Unclassified_Acidimicrobiia","Unclassified_Acidimicrobiia","Unclassified_Acidimicrobiia"
"ASV7886","Bacteria","Actinobacteriota","Acidimicrobiia","Unclassified_Acidimicrobiia","Unclassified_Acidimicrobiia","Unclassified_Acidimicrobiia"
"ASV7888","Bacteria","Actinobacteriota","Acidimicrobiia","Unclassified_Acidimicrobiia","Unclassified_Acidimicrobiia","Unclassified_Acidimicrobiia"
"ASV7998","Bacteria","Actinobacteriota","Acidimicrobiia","Unclassified_Acidimicrobiia","Unclassified_Acidimicrobiia","Unclassified_Acidimicrobiia"
"ASV8017","Bacteria","Actinobacteriota","Acidimicrobiia","Unclassified_Acidimicrobiia","Unclassified_Acidimicrobiia","Unclassified_Acidimicrobiia"
"ASV8018","Bacteria","Actinobacteriota","Acidimicrobiia","Unclassified_Acidimicrobiia","Unclassified_Acidimicrobiia","Unclassified_Acidimicrobiia"
"ASV8021","Bacteria","Actinobacteriota","Acidimicrobiia","Unclassified_Acidimicrobiia","Unclassified_Acidimicrobiia","Unclassified_Acidimicrobiia"
"ASV8031","Bacteria","Actinobacteriota","Actinobacteria","Frankiales","Sporichthyaceae","Unclassified_Sporichthyaceae"
"ASV8047","Bacteria","Actinobacteriota","Actinobacteria","Micrococcales","Micrococcaceae","Rothia"
"ASV8053","Bacteria","Actinobacteriota","Actinobacteria","Micrococcales","Micrococcaceae","Pseudarthrobacter"
"ASV8072","Bacteria","Actinobacteriota","Actinobacteria","Corynebacteriales","Mycobacteriaceae","Mycobacterium"
"ASV8076","Bacteria","Actinobacteriota","Actinobacteria","Corynebacteriales","Mycobacteriaceae","Mycobacterium"
"ASV8106","Bacteria","Actinobacteriota","Actinobacteria","Propionibacteriales","Nocardioidaceae","Nocardioides"
"ASV8143","Bacteria","Actinobacteriota","Actinobacteria","Frankiales","Acidothermaceae","Acidothermus"
"ASV8157","Bacteria","Actinobacteriota","Thermoleophilia","Gaiellales","Unclassified_Gaiellales","Unclassified_Gaiellales"
"ASV8173","Bacteria","Actinobacteriota","Thermoleophilia","Gaiellales","Unclassified_Gaiellales","Unclassified_Gaiellales"
"ASV8179","Bacteria","Actinobacteriota","Thermoleophilia","Gaiellales","Unclassified_Gaiellales","Unclassified_Gaiellales"
"ASV8208","Bacteria","Actinobacteriota","Thermoleophilia","Solirubrobacterales","Solirubrobacteraceae","Unclassified_Solirubrobacteraceae"
"ASV8244","Bacteria","Spirochaetota","MVP-15","Unclassified_MVP-15","Unclassified_MVP-15","Unclassified_MVP-15"
"ASV8264","Bacteria","Acidobacteriota","Acidobacteriae","Acidobacteriales","Koribacteraceae","Candidatus Koribacter"
"ASV8274","Bacteria","Acidobacteriota","Acidobacteriae","Acidobacteriales","Koribacteraceae","Candidatus Koribacter"
"ASV8276","Bacteria","Acidobacteriota","Acidobacteriae","Acidobacteriales","Koribacteraceae","Candidatus Koribacter"
"ASV8280","Bacteria","Acidobacteriota","Acidobacteriae","Acidobacteriales","Koribacteraceae","Candidatus Koribacter"
"ASV8283","Bacteria","Acidobacteriota","Acidobacteriae","Acidobacteriales","Koribacteraceae","Candidatus Koribacter"
"ASV8287","Bacteria","Acidobacteriota","Acidobacteriae","Acidobacteriales","Koribacteraceae","Candidatus Koribacter"
"ASV8303","Bacteria","Acidobacteriota","Acidobacteriae","Acidobacteriales","Acidobacteriaceae (Subgroup 1)","Granulicella"
"ASV8312","Bacteria","Acidobacteriota","Acidobacteriae","Acidobacteriales","Acidobacteriaceae (Subgroup 1)","Acidicapsa"
"ASV8317","Bacteria","Acidobacteriota","Acidobacteriae","Acidobacteriales","Acidobacteriaceae (Subgroup 1)","Acidipila-Silvibacterium"
"ASV8320","Bacteria","Acidobacteriota","Acidobacteriae","Acidobacteriales","Acidobacteriaceae (Subgroup 1)","Occallatibacter"
"ASV8342","Bacteria","Acidobacteriota","Acidobacteriae","Acidobacteriales","Acidobacteriaceae (Subgroup 1)","Occallatibacter"
"ASV8346","Bacteria","Acidobacteriota","Acidobacteriae","Acidobacteriales","Acidobacteriaceae (Subgroup 1)","Occallatibacter"
"ASV8348","Bacteria","Acidobacteriota","Acidobacteriae","Acidobacteriales","Acidobacteriaceae (Subgroup 1)","Occallatibacter"
"ASV8350","Bacteria","Acidobacteriota","Acidobacteriae","Acidobacteriales","Acidobacteriaceae (Subgroup 1)","Occallatibacter"
"ASV8351","Bacteria","Acidobacteriota","Acidobacteriae","Acidobacteriales","Acidobacteriaceae (Subgroup 1)","Occallatibacter"
"ASV8357","Bacteria","Acidobacteriota","Acidobacteriae","Acidobacteriales","Acidobacteriaceae (Subgroup 1)","Occallatibacter"
"ASV8362","Bacteria","Acidobacteriota","Acidobacteriae","Acidobacteriales","Acidobacteriaceae (Subgroup 1)","Occallatibacter"
"ASV8367","Bacteria","Acidobacteriota","Acidobacteriae","Acidobacteriales","Acidobacteriaceae (Subgroup 1)","Occallatibacter"
"ASV8369","Bacteria","Acidobacteriota","Acidobacteriae","Acidobacteriales","Acidobacteriaceae (Subgroup 1)","Occallatibacter"
"ASV8373","Bacteria","Acidobacteriota","Acidobacteriae","Acidobacteriales","Acidobacteriaceae (Subgroup 1)","Occallatibacter"
"ASV8393","Bacteria","Acidobacteriota","Acidobacteriae","Acidobacteriales","Acidobacteriaceae (Subgroup 1)","Terracidiphilus"
"ASV8398","Bacteria","Acidobacteriota","Acidobacteriae","Acidobacteriales","Koribacteraceae","Candidatus Koribacter"
"ASV8404","Bacteria","Acidobacteriota","Acidobacteriae","Acidobacteriales","Unclassified_Acidobacteriales","Unclassified_Acidobacteriales"
"ASV8410","Bacteria","Acidobacteriota","Acidobacteriae","Acidobacteriales","Unclassified_Acidobacteriales","Unclassified_Acidobacteriales"
"ASV8414","Bacteria","Acidobacteriota","Acidobacteriae","Acidobacteriales","Unclassified_Acidobacteriales","Unclassified_Acidobacteriales"
"ASV8423","Bacteria","Acidobacteriota","Acidobacteriae","Acidobacteriales","Unclassified_Acidobacteriales","Unclassified_Acidobacteriales"
"ASV8427","Bacteria","Acidobacteriota","Acidobacteriae","Acidobacteriales","Unclassified_Acidobacteriales","Unclassified_Acidobacteriales"
"ASV8436","Bacteria","Acidobacteriota","Acidobacteriae","Acidobacteriales","Unclassified_Acidobacteriales","Unclassified_Acidobacteriales"
"ASV8445","Bacteria","Acidobacteriota","Acidobacteriae","Acidobacteriales","Unclassified_Acidobacteriales","Unclassified_Acidobacteriales"
"ASV8446","Bacteria","Acidobacteriota","Acidobacteriae","Acidobacteriales","Unclassified_Acidobacteriales","Unclassified_Acidobacteriales"
"ASV8453","Bacteria","Acidobacteriota","Acidobacteriae","Acidobacteriales","Unclassified_Acidobacteriales","Unclassified_Acidobacteriales"
"ASV8458","Bacteria","Acidobacteriota","Acidobacteriae","Acidobacteriales","Unclassified_Acidobacteriales","Unclassified_Acidobacteriales"
"ASV8464","Bacteria","Acidobacteriota","Acidobacteriae","Acidobacteriales","Unclassified_Acidobacteriales","Unclassified_Acidobacteriales"
"ASV8469","Bacteria","Acidobacteriota","Acidobacteriae","Acidobacteriales","Unclassified_Acidobacteriales","Unclassified_Acidobacteriales"
"ASV8471","Bacteria","Acidobacteriota","Acidobacteriae","Acidobacteriales","Unclassified_Acidobacteriales","Unclassified_Acidobacteriales"
"ASV8473","Bacteria","Acidobacteriota","Acidobacteriae","Acidobacteriales","Unclassified_Acidobacteriales","Unclassified_Acidobacteriales"
"ASV8495","Bacteria","Acidobacteriota","Acidobacteriae","Acidobacteriales","Unclassified_Acidobacteriales","Unclassified_Acidobacteriales"
"ASV8623","Bacteria","Acidobacteriota","Acidobacteriae","Subgroup 2","Unclassified_Subgroup 2","Unclassified_Subgroup 2"
"ASV8631","Bacteria","Acidobacteriota","Acidobacteriae","Subgroup 2","Unclassified_Subgroup 2","Unclassified_Subgroup 2"
"ASV8634","Bacteria","Acidobacteriota","Acidobacteriae","Subgroup 2","Unclassified_Subgroup 2","Unclassified_Subgroup 2"
"ASV8637","Bacteria","Acidobacteriota","Acidobacteriae","Subgroup 2","Unclassified_Subgroup 2","Unclassified_Subgroup 2"
"ASV8639","Bacteria","Acidobacteriota","Acidobacteriae","Subgroup 2","Unclassified_Subgroup 2","Unclassified_Subgroup 2"
"ASV8642","Bacteria","Acidobacteriota","Acidobacteriae","Subgroup 2","Unclassified_Subgroup 2","Unclassified_Subgroup 2"
"ASV8646","Bacteria","Acidobacteriota","Acidobacteriae","Subgroup 2","Unclassified_Subgroup 2","Unclassified_Subgroup 2"
"ASV8649","Bacteria","Acidobacteriota","Acidobacteriae","Subgroup 2","Unclassified_Subgroup 2","Unclassified_Subgroup 2"
"ASV8684","Bacteria","Acidobacteriota","Acidobacteriae","Subgroup 2","Unclassified_Subgroup 2","Unclassified_Subgroup 2"
"ASV8691","Bacteria","Acidobacteriota","Acidobacteriae","Subgroup 2","Unclassified_Subgroup 2","Unclassified_Subgroup 2"
"ASV8771","Bacteria","Acidobacteriota","Acidobacteriae","Subgroup 13","Unclassified_Subgroup 13","Unclassified_Subgroup 13"
"ASV8802","Bacteria","Acidobacteriota","Acidobacteriae","Subgroup 13","Unclassified_Subgroup 13","Unclassified_Subgroup 13"
"ASV8843","Bacteria","Nitrospirota","Nitrospiria","Nitrospirales","Nitrospiraceae","Nitrospira"
"ASV8961","Bacteria","Verrucomicrobiota","Verrucomicrobiae","Pedosphaerales","Pedosphaeraceae","ADurb.Bin063-1"
"ASV8977","Bacteria","Verrucomicrobiota","Verrucomicrobiae","Pedosphaerales","Pedosphaeraceae","ADurb.Bin063-1"
"ASV8984","Bacteria","Verrucomicrobiota","Verrucomicrobiae","Pedosphaerales","Pedosphaeraceae","ADurb.Bin063-1"
"ASV9111","Bacteria","Verrucomicrobiota","Omnitrophia","Omnitrophales","Omnitrophaceae","Candidatus Omnitrophus"
"ASV9232","Bacteria","WOR-1","Unclassified_WOR-1","Unclassified_WOR-1","Unclassified_WOR-1","Unclassified_WOR-1"
"ASV9233","Bacteria","WOR-1","Unclassified_WOR-1","Unclassified_WOR-1","Unclassified_WOR-1","Unclassified_WOR-1"
"ASV7226","Bacteria","Gemmatimonadota","Gemmatimonadetes","Gemmatimonadales","Gemmatimonadaceae","Unclassified_Gemmatimonadaceae"
"ASV7240","Bacteria","Gemmatimonadota","Gemmatimonadetes","Gemmatimonadales","Gemmatimonadaceae","Unclassified_Gemmatimonadaceae"
"ASV7270","Bacteria","Fibrobacterota","Fibrobacteria","Fibrobacterales","Fibrobacteraceae","Unclassified_Fibrobacteraceae"
"ASV7283","Bacteria","Fibrobacterota","Fibrobacteria","Fibrobacterales","B122","Unclassified_B122"
"ASV7309","Bacteria","Spirochaetota","Brevinematia","Brevinematales","Brevinemataceae","Brevinema"
"ASV7316","Bacteria","Desulfobacterota","Syntrophobacteria","Syntrophobacterales","Syntrophobacteraceae","Unclassified_Syntrophobacteraceae"
"ASV7319","Bacteria","Desulfobacterota","Syntrophobacteria","Syntrophobacterales","Syntrophobacteraceae","Unclassified_Syntrophobacteraceae"
"ASV7322","Bacteria","Desulfobacterota","Syntrophobacteria","Syntrophobacterales","Syntrophobacteraceae","Unclassified_Syntrophobacteraceae"
"ASV7324","Bacteria","Desulfobacterota","Syntrophobacteria","Syntrophobacterales","Syntrophobacteraceae","Unclassified_Syntrophobacteraceae"
"ASV7326","Bacteria","Desulfobacterota","Syntrophobacteria","Syntrophobacterales","Syntrophobacteraceae","Unclassified_Syntrophobacteraceae"
"ASV7358","Bacteria","Desulfobacterota","Syntrophobacteria","Syntrophobacterales","Syntrophobacteraceae","Syntrophobacter"
"ASV7364","Bacteria","Desulfobacterota","Syntrophobacteria","Syntrophobacterales","Syntrophobacteraceae","Syntrophobacter"
"ASV7366","Bacteria","Desulfobacterota","Syntrophobacteria","Syntrophobacterales","Syntrophobacteraceae","Syntrophobacter"
"ASV7375","Bacteria","Desulfobacterota","Syntrophobacteria","Syntrophobacterales","Syntrophobacteraceae","Syntrophobacter"
"ASV7421","Bacteria","Proteobacteria","Gammaproteobacteria","Pseudomonadales","Moraxellaceae","Cavicella"
"ASV7422","Bacteria","Proteobacteria","Gammaproteobacteria","Pseudomonadales","Moraxellaceae","Cavicella"
"ASV7427","Bacteria","Proteobacteria","Gammaproteobacteria","Pseudomonadales","Moraxellaceae","Cavicella"
"ASV7428","Bacteria","Proteobacteria","Gammaproteobacteria","Pseudomonadales","Moraxellaceae","Cavicella"
"ASV7429","Bacteria","Proteobacteria","Gammaproteobacteria","Pseudomonadales","Moraxellaceae","Cavicella"
"ASV7430","Bacteria","Proteobacteria","Gammaproteobacteria","Pseudomonadales","Moraxellaceae","Cavicella"
"ASV7433","Bacteria","Proteobacteria","Gammaproteobacteria","Pseudomonadales","Moraxellaceae","Cavicella"
"ASV7434","Bacteria","Proteobacteria","Gammaproteobacteria","Pseudomonadales","Moraxellaceae","Cavicella"
"ASV7568","Bacteria","Acidobacteriota","Acidobacteriae","Solibacterales","Solibacteraceae","Candidatus Solibacter"
"ASV7572","Bacteria","Acidobacteriota","Acidobacteriae","Solibacterales","Solibacteraceae","Candidatus Solibacter"
"ASV7623","Bacteria","Acidobacteriota","Acidobacteriae","Solibacterales","Solibacteraceae","Candidatus Solibacter"
"ASV7654","Bacteria","Acidobacteriota","Acidobacteriae","Solibacterales","Solibacteraceae","Candidatus Solibacter"
"ASV7670","Bacteria","Acidobacteriota","Acidobacteriae","Solibacterales","Solibacteraceae","Candidatus Solibacter"
"ASV7721","Bacteria","Acidobacteriota","Acidobacteriae","Solibacterales","Solibacteraceae","Candidatus Solibacter"
"ASV7727","Bacteria","Acidobacteriota","Acidobacteriae","Solibacterales","Solibacteraceae","Candidatus Solibacter"
"ASV7742","Bacteria","Acidobacteriota","Acidobacteriae","Paludibaculum","Unclassified_Paludibaculum","Unclassified_Paludibaculum"
"ASV7766","Bacteria","Acidobacteriota","Acidobacteriae","Bryobacterales","Bryobacteraceae","Bryobacter"
"ASV7773","Bacteria","Acidobacteriota","Acidobacteriae","Bryobacterales","Bryobacteraceae","Bryobacter"
"ASV7807","Bacteria","Acidobacteriota","Acidobacteriae","GOUTB8","Unclassified_GOUTB8","Unclassified_GOUTB8"
"ASV3596","Bacteria","Bdellovibrionota","Oligoflexia","0319-6G20","Unclassified_0319-6G20","Unclassified_0319-6G20"
"ASV3652","Bacteria","Desulfobacterota","Syntrophorhabdia","Syntrophorhabdales","Syntrophorhabdaceae","Syntrophorhabdus"
"ASV3676","Bacteria","Proteobacteria","Alphaproteobacteria","Reyranellales","Reyranellaceae","Reyranella"
"ASV3679","Bacteria","Proteobacteria","Alphaproteobacteria","Reyranellales","Reyranellaceae","Reyranella"
"ASV3680","Bacteria","Proteobacteria","Alphaproteobacteria","Reyranellales","Reyranellaceae","Reyranella"
"ASV3716","Bacteria","Sva0485","Unclassified_Sva0485","Unclassified_Sva0485","Unclassified_Sva0485","Unclassified_Sva0485"
"ASV3717","Bacteria","Sva0485","Unclassified_Sva0485","Unclassified_Sva0485","Unclassified_Sva0485","Unclassified_Sva0485"
"ASV3723","Bacteria","Sva0485","Unclassified_Sva0485","Unclassified_Sva0485","Unclassified_Sva0485","Unclassified_Sva0485"
"ASV3724","Bacteria","Sva0485","Unclassified_Sva0485","Unclassified_Sva0485","Unclassified_Sva0485","Unclassified_Sva0485"
"ASV3746","Bacteria","Proteobacteria","Alphaproteobacteria","Rhodospirillales","Magnetospirillaceae","Unclassified_Magnetospirillaceae"
"ASV3769","Bacteria","Proteobacteria","Alphaproteobacteria","Rhodospirillales","Magnetospirillaceae","Telmatospirillum"
"ASV3772","Bacteria","Proteobacteria","Alphaproteobacteria","Rhodospirillales","Magnetospirillaceae","Telmatospirillum"
"ASV3801","Bacteria","Proteobacteria","Alphaproteobacteria","Rhizobiales","Hyphomicrobiaceae","Hyphomicrobium"
"ASV3812","Bacteria","Proteobacteria","Alphaproteobacteria","Micropepsales","Micropepsaceae","Unclassified_Micropepsaceae"
"ASV3835","Bacteria","Proteobacteria","Alphaproteobacteria","Micropepsales","Micropepsaceae","Unclassified_Micropepsaceae"
"ASV3851","Bacteria","Proteobacteria","Alphaproteobacteria","Micropepsales","Micropepsaceae","Unclassified_Micropepsaceae"
"ASV3852","Bacteria","Proteobacteria","Alphaproteobacteria","Micropepsales","Micropepsaceae","Unclassified_Micropepsaceae"
"ASV3862","Bacteria","Proteobacteria","Alphaproteobacteria","Micropepsales","Micropepsaceae","Unclassified_Micropepsaceae"
"ASV3867","Bacteria","Proteobacteria","Alphaproteobacteria","Micropepsales","Micropepsaceae","Unclassified_Micropepsaceae"
"ASV3890","Bacteria","Proteobacteria","Alphaproteobacteria","Sphingomonadales","Sphingomonadaceae","Sphingomonas"
"ASV3893","Bacteria","Proteobacteria","Alphaproteobacteria","Sphingomonadales","Sphingomonadaceae","Sphingomonas"
"ASV3894","Bacteria","Proteobacteria","Alphaproteobacteria","Sphingomonadales","Sphingomonadaceae","Sphingomonas"
"ASV3915","Bacteria","Proteobacteria","Alphaproteobacteria","Sphingomonadales","Sphingomonadaceae","Novosphingobium"
"ASV3919","Bacteria","Proteobacteria","Alphaproteobacteria","Sphingomonadales","Sphingomonadaceae","Novosphingobium"
"ASV3923","Bacteria","Proteobacteria","Alphaproteobacteria","Sphingomonadales","Sphingomonadaceae","Novosphingobium"
"ASV3925","Bacteria","Proteobacteria","Alphaproteobacteria","Sphingomonadales","Sphingomonadaceae","Novosphingobium"
"ASV3926","Bacteria","Proteobacteria","Alphaproteobacteria","Sphingomonadales","Sphingomonadaceae","Novosphingobium"
"ASV3927","Bacteria","Proteobacteria","Alphaproteobacteria","Sphingomonadales","Sphingomonadaceae","Novosphingobium"
"ASV3944","Bacteria","Proteobacteria","Alphaproteobacteria","Sphingomonadales","Sphingomonadaceae","Novosphingobium"
"ASV4009","Bacteria","Proteobacteria","Alphaproteobacteria","Sphingomonadales","Sphingomonadaceae","Parablastomonas"
"ASV4016","Bacteria","Proteobacteria","Alphaproteobacteria","Sphingomonadales","Sphingomonadaceae","Novosphingobium"
"ASV4017","Bacteria","Proteobacteria","Alphaproteobacteria","Sphingomonadales","Sphingomonadaceae","Novosphingobium"
"ASV4020","Bacteria","Proteobacteria","Alphaproteobacteria","Sphingomonadales","Sphingomonadaceae","Novosphingobium"
"ASV4073","Bacteria","Proteobacteria","Alphaproteobacteria","Caulobacterales","Caulobacteraceae","Unclassified_Caulobacteraceae"
"ASV4077","Bacteria","Proteobacteria","Alphaproteobacteria","Caulobacterales","Caulobacteraceae","Brevundimonas"
"ASV4079","Bacteria","Proteobacteria","Alphaproteobacteria","Caulobacterales","Caulobacteraceae","Phenylobacterium"
"ASV4080","Bacteria","Proteobacteria","Alphaproteobacteria","Caulobacterales","Caulobacteraceae","Phenylobacterium"
"ASV4085","Bacteria","Proteobacteria","Alphaproteobacteria","Caulobacterales","Caulobacteraceae","Unclassified_Caulobacteraceae"
"ASV4086","Bacteria","Proteobacteria","Alphaproteobacteria","Caulobacterales","Caulobacteraceae","Unclassified_Caulobacteraceae"
"ASV4091","Bacteria","Proteobacteria","Alphaproteobacteria","Caulobacterales","Caulobacteraceae","Unclassified_Caulobacteraceae"
"ASV4093","Bacteria","Proteobacteria","Alphaproteobacteria","Caulobacterales","Caulobacteraceae","Unclassified_Caulobacteraceae"
"ASV4100","Bacteria","Proteobacteria","Alphaproteobacteria","Caulobacterales","Caulobacteraceae","Unclassified_Caulobacteraceae"
"ASV4102","Bacteria","Proteobacteria","Alphaproteobacteria","Caulobacterales","Caulobacteraceae","Unclassified_Caulobacteraceae"
"ASV4105","Bacteria","Proteobacteria","Alphaproteobacteria","Caulobacterales","Caulobacteraceae","Unclassified_Caulobacteraceae"
"ASV4112","Bacteria","Proteobacteria","Alphaproteobacteria","Caulobacterales","Caulobacteraceae","Unclassified_Caulobacteraceae"
"ASV4114","Bacteria","Proteobacteria","Alphaproteobacteria","Caulobacterales","Caulobacteraceae","Unclassified_Caulobacteraceae"
"ASV4116","Bacteria","Proteobacteria","Alphaproteobacteria","Caulobacterales","Caulobacteraceae","Unclassified_Caulobacteraceae"
"ASV4117","Bacteria","Proteobacteria","Alphaproteobacteria","Caulobacterales","Caulobacteraceae","Unclassified_Caulobacteraceae"
"ASV4131","Bacteria","Proteobacteria","Alphaproteobacteria","Caulobacterales","Caulobacteraceae","Unclassified_Caulobacteraceae"
"ASV4156","Bacteria","Proteobacteria","Alphaproteobacteria","Rhizobiales","Beijerinckiaceae","Unclassified_Beijerinckiaceae"
"ASV4175","Bacteria","Proteobacteria","Alphaproteobacteria","Rhizobiales","Beijerinckiaceae","Methylorosula"
"ASV4185","Bacteria","Proteobacteria","Alphaproteobacteria","Rhizobiales","Beijerinckiaceae","Methylorosula"
"ASV4193","Bacteria","Proteobacteria","Alphaproteobacteria","Rhizobiales","Beijerinckiaceae","Beijerinckia"
"ASV4194","Bacteria","Proteobacteria","Alphaproteobacteria","Rhizobiales","Beijerinckiaceae","Methylovirgula"
"ASV4200","Bacteria","Proteobacteria","Alphaproteobacteria","Rhizobiales","Beijerinckiaceae","alphaI cluster"
"ASV4508","Bacteria","Proteobacteria","Alphaproteobacteria","Rhizobiales","Beijerinckiaceae","Unclassified_Beijerinckiaceae"
"ASV4572","Bacteria","Proteobacteria","Alphaproteobacteria","Rhizobiales","Xanthobacteraceae","Tardiphaga"
"ASV4573","Bacteria","Proteobacteria","Alphaproteobacteria","Rhizobiales","Xanthobacteraceae","Bradyrhizobium"
"ASV4574","Bacteria","Proteobacteria","Alphaproteobacteria","Rhizobiales","Xanthobacteraceae","Afipia"
"ASV4575","Bacteria","Proteobacteria","Alphaproteobacteria","Rhizobiales","Xanthobacteraceae","Afipia"
"ASV4577","Bacteria","Proteobacteria","Alphaproteobacteria","Rhizobiales","Xanthobacteraceae","Afipia"
"ASV4580","Bacteria","Proteobacteria","Alphaproteobacteria","Rhizobiales","Xanthobacteraceae","Bradyrhizobium"
"ASV4637","Bacteria","Proteobacteria","Alphaproteobacteria","Rhizobiales","Xanthobacteraceae","Unclassified_Xanthobacteraceae"
"ASV4645","Bacteria","Proteobacteria","Alphaproteobacteria","Rhizobiales","Xanthobacteraceae","Pseudolabrys"
"ASV4653","Bacteria","Proteobacteria","Alphaproteobacteria","Rhizobiales","Xanthobacteraceae","Pseudolabrys"
"ASV4658","Bacteria","Proteobacteria","Alphaproteobacteria","Rhizobiales","Xanthobacteraceae","Pseudolabrys"
"ASV4661","Bacteria","Proteobacteria","Alphaproteobacteria","Rhizobiales","Xanthobacteraceae","Pseudolabrys"
"ASV4673","Bacteria","Proteobacteria","Alphaproteobacteria","Rhizobiales","Xanthobacteraceae","Unclassified_Xanthobacteraceae"
"ASV4687","Bacteria","Proteobacteria","Alphaproteobacteria","Rhizobiales","Xanthobacteraceae","Unclassified_Xanthobacteraceae"
"ASV4688","Bacteria","Proteobacteria","Alphaproteobacteria","Rhizobiales","Xanthobacteraceae","Unclassified_Xanthobacteraceae"
"ASV4690","Bacteria","Proteobacteria","Alphaproteobacteria","Rhizobiales","Xanthobacteraceae","Unclassified_Xanthobacteraceae"
"ASV4691","Bacteria","Proteobacteria","Alphaproteobacteria","Rhizobiales","Xanthobacteraceae","Unclassified_Xanthobacteraceae"
"ASV4692","Bacteria","Proteobacteria","Alphaproteobacteria","Rhizobiales","Xanthobacteraceae","Unclassified_Xanthobacteraceae"
"ASV4693","Bacteria","Proteobacteria","Alphaproteobacteria","Rhizobiales","Xanthobacteraceae","Unclassified_Xanthobacteraceae"
"ASV4709","Bacteria","Proteobacteria","Alphaproteobacteria","Rhizobiales","Xanthobacteraceae","Unclassified_Xanthobacteraceae"
"ASV4712","Bacteria","Proteobacteria","Alphaproteobacteria","Rhizobiales","Xanthobacteraceae","Unclassified_Xanthobacteraceae"
"ASV4723","Bacteria","Proteobacteria","Alphaproteobacteria","Rhizobiales","Xanthobacteraceae","Pseudolabrys"
"ASV4724","Bacteria","Proteobacteria","Alphaproteobacteria","Rhizobiales","Xanthobacteraceae","Pseudolabrys"
"ASV4730","Bacteria","Proteobacteria","Alphaproteobacteria","Rhizobiales","Xanthobacteraceae","Pseudolabrys"
"ASV4734","Bacteria","Proteobacteria","Alphaproteobacteria","Rhizobiales","Beijerinckiaceae","28-YEA-48"
"ASV4737","Bacteria","Proteobacteria","Alphaproteobacteria","Rhizobiales","Rhizobiaceae","Mesorhizobium"
"ASV4746","Bacteria","Proteobacteria","Alphaproteobacteria","Rhizobiales","Beijerinckiaceae","Unclassified_Beijerinckiaceae"
"ASV4748","Bacteria","Proteobacteria","Alphaproteobacteria","Rhizobiales","Beijerinckiaceae","Unclassified_Beijerinckiaceae"
"ASV4752","Bacteria","Proteobacteria","Alphaproteobacteria","Rhizobiales","Beijerinckiaceae","Methylocystis"
"ASV4754","Bacteria","Proteobacteria","Alphaproteobacteria","Rhizobiales","Beijerinckiaceae","Methylocystis"
"ASV4759","Bacteria","Proteobacteria","Alphaproteobacteria","Rhizobiales","Beijerinckiaceae","alphaI cluster"
"ASV4760","Bacteria","Proteobacteria","Alphaproteobacteria","Rhizobiales","Beijerinckiaceae","alphaI cluster"
"ASV4763","Bacteria","Proteobacteria","Alphaproteobacteria","Rhizobiales","Beijerinckiaceae","Unclassified_Beijerinckiaceae"
"ASV4771","Bacteria","Proteobacteria","Alphaproteobacteria","Rhizobiales","Beijerinckiaceae","Roseiarcus"
"ASV4775","Bacteria","Proteobacteria","Alphaproteobacteria","Rhizobiales","Beijerinckiaceae","Roseiarcus"
"ASV4777","Bacteria","Proteobacteria","Alphaproteobacteria","Rhizobiales","Beijerinckiaceae","Roseiarcus"
"ASV4783","Bacteria","Proteobacteria","Alphaproteobacteria","Rhizobiales","Beijerinckiaceae","Roseiarcus"
"ASV4786","Bacteria","Proteobacteria","Alphaproteobacteria","Rhizobiales","Beijerinckiaceae","Roseiarcus"
"ASV4787","Bacteria","Proteobacteria","Alphaproteobacteria","Rhizobiales","Beijerinckiaceae","Roseiarcus"
"ASV4788","Bacteria","Proteobacteria","Alphaproteobacteria","Rhizobiales","Beijerinckiaceae","Roseiarcus"
"ASV4789","Bacteria","Proteobacteria","Alphaproteobacteria","Rhizobiales","Beijerinckiaceae","Roseiarcus"
"ASV4792","Bacteria","Proteobacteria","Alphaproteobacteria","Rhizobiales","Beijerinckiaceae","Roseiarcus"
"ASV4793","Bacteria","Proteobacteria","Alphaproteobacteria","Rhizobiales","Beijerinckiaceae","Roseiarcus"
"ASV4794","Bacteria","Proteobacteria","Alphaproteobacteria","Rhizobiales","Beijerinckiaceae","Roseiarcus"
"ASV4795","Bacteria","Proteobacteria","Alphaproteobacteria","Rhizobiales","Beijerinckiaceae","Roseiarcus"
"ASV4807","Bacteria","Proteobacteria","Alphaproteobacteria","Rhizobiales","Beijerinckiaceae","Roseiarcus"
"ASV4833","Bacteria","Proteobacteria","Alphaproteobacteria","Rhizobiales","Beijerinckiaceae","Roseiarcus"
"ASV4844","Bacteria","Proteobacteria","Alphaproteobacteria","Rhizobiales","Beijerinckiaceae","Rhodoblastus"
"ASV4846","Bacteria","Proteobacteria","Alphaproteobacteria","Rhizobiales","Beijerinckiaceae","Rhodoblastus"
"ASV4851","Bacteria","Proteobacteria","Alphaproteobacteria","Rhizobiales","Beijerinckiaceae","Rhodoblastus"
"ASV4852","Bacteria","Proteobacteria","Alphaproteobacteria","Rhizobiales","Beijerinckiaceae","Rhodoblastus"
"ASV4853","Bacteria","Proteobacteria","Alphaproteobacteria","Rhizobiales","Beijerinckiaceae","Rhodoblastus"
"ASV4855","Bacteria","Proteobacteria","Alphaproteobacteria","Rhizobiales","Beijerinckiaceae","Rhodoblastus"
"ASV4857","Bacteria","Proteobacteria","Alphaproteobacteria","Rhizobiales","Beijerinckiaceae","Rhodoblastus"
"ASV4858","Bacteria","Proteobacteria","Alphaproteobacteria","Rhizobiales","Beijerinckiaceae","Rhodoblastus"
"ASV4859","Bacteria","Proteobacteria","Alphaproteobacteria","Rhizobiales","Beijerinckiaceae","Rhodoblastus"
"ASV4862","Bacteria","Proteobacteria","Alphaproteobacteria","Rhizobiales","Beijerinckiaceae","Rhodoblastus"
"ASV4881","Bacteria","Proteobacteria","Alphaproteobacteria","Rhizobiales","Beijerinckiaceae","Rhodoblastus"
"ASV4882","Bacteria","Proteobacteria","Alphaproteobacteria","Rhizobiales","Beijerinckiaceae","Rhodoblastus"
"ASV4884","Bacteria","Proteobacteria","Alphaproteobacteria","Rhizobiales","Beijerinckiaceae","Rhodoblastus"
"ASV4885","Bacteria","Proteobacteria","Alphaproteobacteria","Rhizobiales","Beijerinckiaceae","Rhodoblastus"
"ASV4889","Bacteria","Proteobacteria","Alphaproteobacteria","Rhizobiales","Beijerinckiaceae","Rhodoblastus"
"ASV4890","Bacteria","Proteobacteria","Alphaproteobacteria","Rhizobiales","Beijerinckiaceae","Rhodoblastus"
"ASV4892","Bacteria","Proteobacteria","Alphaproteobacteria","Rhizobiales","Beijerinckiaceae","Rhodoblastus"
"ASV4893","Bacteria","Proteobacteria","Alphaproteobacteria","Rhizobiales","Beijerinckiaceae","Rhodoblastus"
"ASV4896","Bacteria","Proteobacteria","Alphaproteobacteria","Rhizobiales","Beijerinckiaceae","Rhodoblastus"
"ASV4899","Bacteria","Proteobacteria","Alphaproteobacteria","Rhizobiales","Beijerinckiaceae","Roseiarcus"
"ASV4917","Bacteria","Proteobacteria","Alphaproteobacteria","Rhizobiales","Beijerinckiaceae","Roseiarcus"
"ASV4935","Bacteria","Proteobacteria","Alphaproteobacteria","Rhizobiales","Rhodomicrobiaceae","Rhodomicrobium"
"ASV4945","Bacteria","Proteobacteria","Alphaproteobacteria","Rhodospirillales","Unclassified_Rhodospirillales","Unclassified_Rhodospirillales"
"ASV4978","Bacteria","Proteobacteria","Alphaproteobacteria","Rhodospirillales","Unclassified_Rhodospirillales","Unclassified_Rhodospirillales"
"ASV5017","Bacteria","Proteobacteria","Alphaproteobacteria","Rhodospirillales","Unclassified_Rhodospirillales","Unclassified_Rhodospirillales"
"ASV5030","Bacteria","Proteobacteria","Alphaproteobacteria","Azospirillales","Inquilinaceae","Inquilinus"
"ASV5061","Bacteria","Proteobacteria","Alphaproteobacteria","Unclassified_Alphaproteobacteria","Unclassified_Alphaproteobacteria","Unclassified_Alphaproteobacteria"
"ASV5065","Bacteria","Proteobacteria","Alphaproteobacteria","Unclassified_Alphaproteobacteria","Unclassified_Alphaproteobacteria","Unclassified_Alphaproteobacteria"
"ASV5091","Bacteria","Proteobacteria","Alphaproteobacteria","Elsterales","Unclassified_Elsterales","Unclassified_Elsterales"
"ASV5102","Bacteria","Proteobacteria","Alphaproteobacteria","Azospirillales","Azospirillaceae","Unclassified_Azospirillaceae"
"ASV5117","Bacteria","Proteobacteria","Alphaproteobacteria","Rickettsiales","Unclassified_Rickettsiales","Unclassified_Rickettsiales"
"ASV5179","Bacteria","Proteobacteria","Alphaproteobacteria","Holosporales","Holosporaceae","Unclassified_Holosporaceae"
"ASV5181","Bacteria","Proteobacteria","Alphaproteobacteria","Unclassified_Alphaproteobacteria","Unclassified_Alphaproteobacteria","Unclassified_Alphaproteobacteria"
"ASV5200","Bacteria","Nitrospirota","4-29-1","Unclassified_4-29-1","Unclassified_4-29-1","Unclassified_4-29-1"
"ASV5208","Bacteria","Nitrospirota","4-29-1","Unclassified_4-29-1","Unclassified_4-29-1","Unclassified_4-29-1"
"ASV5213","Bacteria","Nitrospirota","4-29-1","Unclassified_4-29-1","Unclassified_4-29-1","Unclassified_4-29-1"
"ASV5304","Bacteria","Dependentiae","Babeliae","Babeliales","UBA12411","Unclassified_UBA12411"
"ASV5332","Bacteria","Dependentiae","Babeliae","Babeliales","Unclassified_Babeliales","Unclassified_Babeliales"
"ASV5368","Bacteria","Dependentiae","Babeliae","Babeliales","Unclassified_Babeliales","Unclassified_Babeliales"
"ASV5414","Bacteria","Dependentiae","Babeliae","Babeliales","Vermiphilaceae","Unclassified_Vermiphilaceae"
"ASV5459","Bacteria","Dependentiae","Babeliae","Babeliales","Vermiphilaceae","Unclassified_Vermiphilaceae"
"ASV5462","Bacteria","Dependentiae","Babeliae","Babeliales","Vermiphilaceae","Unclassified_Vermiphilaceae"
"ASV5521","Bacteria","Dependentiae","Babeliae","Babeliales","Vermiphilaceae","Unclassified_Vermiphilaceae"
"ASV5594","Bacteria","Dependentiae","Babeliae","Babeliales","UBA12409","Unclassified_UBA12409"
"ASV5636","Bacteria","Dependentiae","Babeliae","Babeliales","Vermiphilaceae","Unclassified_Vermiphilaceae"
"ASV5650","Bacteria","Dependentiae","Babeliae","Babeliales","Vermiphilaceae","Unclassified_Vermiphilaceae"
"ASV5711","Bacteria","Dependentiae","Babeliae","Babeliales","Vermiphilaceae","Unclassified_Vermiphilaceae"
"ASV5731","Bacteria","Dependentiae","Babeliae","Babeliales","Vermiphilaceae","Unclassified_Vermiphilaceae"
"ASV5749","Bacteria","Dependentiae","Babeliae","Babeliales","Unclassified_Babeliales","Unclassified_Babeliales"
"ASV5761","Bacteria","Dependentiae","Babeliae","Babeliales","Babeliaceae","Unclassified_Babeliaceae"
"ASV5797","Bacteria","Dependentiae","Babeliae","Babeliales","UBA12409","Unclassified_UBA12409"
"ASV5800","Bacteria","Dependentiae","Babeliae","Babeliales","Unclassified_Babeliales","Unclassified_Babeliales"
"ASV5842","Bacteria","Dependentiae","Babeliae","Babeliales","Unclassified_Babeliales","Unclassified_Babeliales"
"ASV5864","Bacteria","Dependentiae","Babeliae","Babeliales","Vermiphilaceae","Unclassified_Vermiphilaceae"
"ASV5865","Bacteria","Dependentiae","Babeliae","Babeliales","Vermiphilaceae","Unclassified_Vermiphilaceae"
"ASV5883","Bacteria","Dependentiae","Babeliae","Babeliales","Vermiphilaceae","Unclassified_Vermiphilaceae"
"ASV5920","Bacteria","Dependentiae","Babeliae","Babeliales","Vermiphilaceae","Unclassified_Vermiphilaceae"
"ASV6062","Bacteria","Campylobacterota","Campylobacteria","Campylobacterales","Sulfurimonadaceae","Sulfurimonas"
"ASV6065","Bacteria","Campylobacterota","Campylobacteria","Campylobacterales","Sulfurimonadaceae","Sulfurimonas"
"ASV6069","Bacteria","Campylobacterota","Campylobacteria","Campylobacterales","Sulfurimonadaceae","Sulfurimonas"
"ASV6377","Bacteria","Nitrospirota","4-29-1","Unclassified_4-29-1","Unclassified_4-29-1","Unclassified_4-29-1"
"ASV6385","Bacteria","Nitrospirota","4-29-1","Unclassified_4-29-1","Unclassified_4-29-1","Unclassified_4-29-1"
"ASV6399","Bacteria","Firmicutes","Clostridia","Unclassified_Clostridia","Unclassified_Clostridia","Unclassified_Clostridia"
"ASV6594","Bacteria","Myxococcota","Polyangia","Haliangiales","Haliangiaceae","Haliangium"
"ASV6688","Bacteria","MBNT15","Unclassified_MBNT15","Unclassified_MBNT15","Unclassified_MBNT15","Unclassified_MBNT15"
"ASV6703","Bacteria","MBNT15","Unclassified_MBNT15","Unclassified_MBNT15","Unclassified_MBNT15","Unclassified_MBNT15"
"ASV6711","Bacteria","MBNT15","Unclassified_MBNT15","Unclassified_MBNT15","Unclassified_MBNT15","Unclassified_MBNT15"
"ASV6732","Bacteria","Desulfobacterota","Desulfomonilia","Desulfomonilales","Desulfomonilaceae","Desulfomonile"
"ASV6733","Bacteria","Desulfobacterota","Desulfomonilia","Desulfomonilales","Desulfomonilaceae","Desulfomonile"
"ASV6736","Bacteria","Desulfobacterota","Desulfomonilia","Desulfomonilales","Desulfomonilaceae","Desulfomonile"
"ASV6738","Bacteria","Desulfobacterota","Desulfomonilia","Desulfomonilales","Desulfomonilaceae","Desulfomonile"
"ASV6746","Bacteria","Desulfobacterota","Desulfobaccia","Desulfobaccales","Desulfobaccaceae","Desulfobacca"
"ASV6749","Bacteria","Desulfobacterota","Desulfobaccia","Desulfobaccales","Desulfobaccaceae","Desulfobacca"
"ASV6750","Bacteria","Desulfobacterota","Desulfobaccia","Desulfobaccales","Desulfobaccaceae","Desulfobacca"
"ASV6758","Bacteria","Desulfobacterota","Desulfobaccia","Desulfobaccales","Desulfobaccaceae","Desulfobacca"
"ASV6760","Bacteria","Desulfobacterota","Desulfobaccia","Desulfobaccales","Desulfobaccaceae","Desulfobacca"
"ASV6761","Bacteria","Desulfobacterota","Desulfobaccia","Desulfobaccales","Desulfobaccaceae","Desulfobacca"
"ASV6765","Bacteria","Desulfobacterota","Desulfobaccia","Desulfobaccales","Desulfobaccaceae","Desulfobacca"
"ASV6767","Bacteria","Desulfobacterota","Desulfobaccia","Desulfobaccales","Desulfobaccaceae","Desulfobacca"
"ASV6779","Bacteria","Desulfobacterota","Desulfobaccia","Desulfobaccales","Desulfobaccaceae","Desulfobacca"
"ASV6789","Bacteria","Desulfobacterota","Desulfobaccia","Desulfobaccales","Desulfobaccaceae","Desulfobacca"
"ASV6791","Bacteria","Desulfobacterota","Desulfobaccia","Desulfobaccales","Desulfobaccaceae","Desulfobacca"
"ASV6799","Bacteria","Desulfobacterota","Desulfobaccia","Desulfobaccales","Desulfobaccaceae","Desulfobacca"
"ASV6809","Bacteria","Desulfobacterota","Desulfobaccia","Desulfobaccales","Desulfobaccaceae","Desulfobacca"
"ASV6822","Bacteria","Desulfobacterota","Unclassified_Desulfobacterota","Unclassified_Desulfobacterota","Unclassified_Desulfobacterota","Unclassified_Desulfobacterota"
"ASV6874","Bacteria","Desulfobacterota","Desulfuromonadia","Geobacterales","Geobacteraceae","Citrifermentans"
"ASV6892","Bacteria","Desulfobacterota","Desulfuromonadia","Geobacterales","Geobacteraceae","Unclassified_Geobacteraceae"
"ASV6896","Bacteria","Desulfobacterota","Desulfuromonadia","Geobacterales","Geobacteraceae","Unclassified_Geobacteraceae"
"ASV6903","Bacteria","Desulfobacterota","Desulfuromonadia","Geobacterales","Geobacteraceae","Geobacter"
"ASV6904","Bacteria","Desulfobacterota","Desulfuromonadia","Geobacterales","Geobacteraceae","Geobacter"
"ASV6906","Bacteria","Desulfobacterota","Desulfuromonadia","Geobacterales","Geobacteraceae","Geobacter"
"ASV6910","Bacteria","Desulfobacterota","Desulfuromonadia","Geobacterales","Geobacteraceae","Geobacter"
"ASV6923","Bacteria","Desulfobacterota","Desulfuromonadia","Geobacterales","Geobacteraceae","Geobacter"
"ASV6925","Bacteria","Desulfobacterota","Desulfuromonadia","Geobacterales","Geobacteraceae","Geobacter"
"ASV6931","Bacteria","Desulfobacterota","Desulfuromonadia","Geobacterales","Geobacteraceae","Geobacter"
"ASV6940","Bacteria","Desulfobacterota","Desulfuromonadia","Geobacterales","Geobacteraceae","Unclassified_Geobacteraceae"
"ASV6942","Bacteria","Desulfobacterota","Desulfuromonadia","Geobacterales","Geobacteraceae","Unclassified_Geobacteraceae"
"ASV6960","Bacteria","Desulfobacterota","Desulfuromonadia","Geobacterales","Geobacteraceae","Unclassified_Geobacteraceae"
"ASV6965","Bacteria","Desulfobacterota","Desulfuromonadia","Geobacterales","Geobacteraceae","Unclassified_Geobacteraceae"
"ASV6969","Bacteria","Desulfobacterota","Desulfuromonadia","Geobacterales","Geobacteraceae","Unclassified_Geobacteraceae"
"ASV6973","Bacteria","Desulfobacterota","Desulfuromonadia","Geobacterales","Geobacteraceae","Citrifermentans"
"ASV7027","Bacteria","Desulfobacterota","Syntrophobacteria","Syntrophobacterales","Unclassified_Syntrophobacterales","Unclassified_Syntrophobacterales"
"ASV7039","Bacteria","MBNT15","Unclassified_MBNT15","Unclassified_MBNT15","Unclassified_MBNT15","Unclassified_MBNT15"
"ASV7073","Bacteria","Desulfobacterota","Desulfobaccia","Desulfobaccales","Desulfobaccaceae","Desulfobacca"
"ASV7077","Bacteria","Desulfobacterota","Desulfobaccia","Desulfobaccales","Desulfobaccaceae","Desulfobacca"
"ASV7100","Bacteria","Desulfobacterota","Desulfobulbia","Desulfobulbales","Unclassified_Desulfobulbales","Unclassified_Desulfobulbales"
"ASV7117","Bacteria","Desulfobacterota","Desulfobulbia","Desulfobulbales","Desulfocapsaceae","Unclassified_Desulfocapsaceae"
"ASV7119","Bacteria","Desulfobacterota","Desulfobulbia","Desulfobulbales","Desulfocapsaceae","Unclassified_Desulfocapsaceae"
"ASV7121","Bacteria","Desulfobacterota","Desulfobulbia","Desulfobulbales","Desulfocapsaceae","Unclassified_Desulfocapsaceae"
"ASV7123","Bacteria","Desulfobacterota","Desulfobulbia","Desulfobulbales","Desulfocapsaceae","Unclassified_Desulfocapsaceae"
"ASV7127","Bacteria","Desulfobacterota","Desulfobulbia","Desulfobulbales","Desulfocapsaceae","Unclassified_Desulfocapsaceae"
"ASV7134","Bacteria","Desulfobacterota","Desulfobulbia","Desulfobulbales","Unclassified_Desulfobulbales","Unclassified_Desulfobulbales"
"ASV7136","Bacteria","Desulfobacterota","Desulfobulbia","Desulfobulbales","Unclassified_Desulfobulbales","Unclassified_Desulfobulbales"
"ASV7155","Bacteria","Desulfobacterota","Syntrophia","Syntrophales","Syntrophaceae","Syntrophus"
"ASV7208","Bacteria","SAR324 clade(Marine group B)","Unclassified_SAR324 clade(Marine group B)","Unclassified_SAR324 clade(Marine group B)","Unclassified_SAR324 clade(Marine group B)","Unclassified_SAR324 clade(Marine group B)"
"ASV3457","Bacteria","Acidobacteriota","Holophagae","Holophagales","Holophagaceae","Unclassified_Holophagaceae"
"ASV3467","Bacteria","Acidobacteriota","Holophagae","Holophagales","Holophagaceae","Geothrix"
"ASV3471","Bacteria","Acidobacteriota","Holophagae","Holophagales","Holophagaceae","Geothrix"
"ASV3473","Bacteria","Acidobacteriota","Holophagae","Holophagales","Holophagaceae","Geothrix"
"ASV3477","Bacteria","Acidobacteriota","Holophagae","Holophagales","Holophagaceae","Geothrix"
"ASV3511","Bacteria","Acidobacteriota","Holophagae","Holophagales","Holophagaceae","Unclassified_Holophagaceae"
"ASV3526","Bacteria","Acidobacteriota","Holophagae","Holophagales","Holophagaceae","Unclassified_Holophagaceae"
"ASV3560","Bacteria","Acidobacteriota","Holophagae","Subgroup 7","Unclassified_Subgroup 7","Unclassified_Subgroup 7"
"ASV3563","Bacteria","Acidobacteriota","Holophagae","Subgroup 7","Unclassified_Subgroup 7","Unclassified_Subgroup 7"
"ASV3565","Bacteria","Acidobacteriota","Holophagae","Subgroup 7","Unclassified_Subgroup 7","Unclassified_Subgroup 7"
"ASV3568","Bacteria","Acidobacteriota","Holophagae","Subgroup 7","Unclassified_Subgroup 7","Unclassified_Subgroup 7"
"ASV3571","Bacteria","Acidobacteriota","Holophagae","Subgroup 7","Unclassified_Subgroup 7","Unclassified_Subgroup 7"
"ASV3573","Bacteria","Acidobacteriota","Holophagae","Subgroup 7","Unclassified_Subgroup 7","Unclassified_Subgroup 7"
"ASV3580","Bacteria","Acidobacteriota","Holophagae","Subgroup 7","Unclassified_Subgroup 7","Unclassified_Subgroup 7"
"ASV3581","Bacteria","Acidobacteriota","Holophagae","Subgroup 7","Unclassified_Subgroup 7","Unclassified_Subgroup 7"
"ASV12866","Bacteria","Proteobacteria","Gammaproteobacteria","Pseudomonadales","Pseudomonadaceae","Pseudomonas"
"ASV12867","Bacteria","Proteobacteria","Gammaproteobacteria","Pseudomonadales","Pseudomonadaceae","Pseudomonas"
"ASV12868","Bacteria","Proteobacteria","Gammaproteobacteria","Pseudomonadales","Pseudomonadaceae","Pseudomonas"
"ASV12884","Bacteria","Proteobacteria","Gammaproteobacteria","Pseudomonadales","Pseudomonadaceae","Pseudomonas"
"ASV12885","Bacteria","Proteobacteria","Gammaproteobacteria","Pseudomonadales","Pseudomonadaceae","Pseudomonas"
"ASV12886","Bacteria","Proteobacteria","Gammaproteobacteria","Pseudomonadales","Pseudomonadaceae","Pseudomonas"
"ASV12888","Bacteria","Proteobacteria","Gammaproteobacteria","Pseudomonadales","Pseudomonadaceae","Pseudomonas"
"ASV12891","Bacteria","Proteobacteria","Gammaproteobacteria","Pseudomonadales","Pseudomonadaceae","Pseudomonas"
"ASV12924","Bacteria","Proteobacteria","Gammaproteobacteria","Pseudomonadales","Pseudomonadaceae","Pseudomonas"
"ASV12925","Bacteria","Proteobacteria","Gammaproteobacteria","Pseudomonadales","Pseudomonadaceae","Pseudomonas"
"ASV12926","Bacteria","Proteobacteria","Gammaproteobacteria","Pseudomonadales","Pseudomonadaceae","Pseudomonas"
"ASV12980","Bacteria","Proteobacteria","Gammaproteobacteria","Burkholderiales","Unclassified_Burkholderiales","Unclassified_Burkholderiales"
"ASV12405","Bacteria","Proteobacteria","Gammaproteobacteria","Burkholderiales","Oxalobacteraceae","Collimonas"
"ASV12412","Bacteria","Proteobacteria","Gammaproteobacteria","Burkholderiales","Oxalobacteraceae","Collimonas"
"ASV12413","Bacteria","Proteobacteria","Gammaproteobacteria","Burkholderiales","Oxalobacteraceae","Collimonas"
"ASV12414","Bacteria","Proteobacteria","Gammaproteobacteria","Burkholderiales","Oxalobacteraceae","Collimonas"
"ASV12440","Bacteria","Proteobacteria","Gammaproteobacteria","Burkholderiales","Oxalobacteraceae","Unclassified_Oxalobacteraceae"
"ASV12454","Bacteria","Proteobacteria","Gammaproteobacteria","Burkholderiales","Oxalobacteraceae","Undibacterium"
"ASV12455","Bacteria","Proteobacteria","Gammaproteobacteria","Burkholderiales","Oxalobacteraceae","Undibacterium"
"ASV12456","Bacteria","Proteobacteria","Gammaproteobacteria","Burkholderiales","Oxalobacteraceae","Undibacterium"
"ASV12457","Bacteria","Proteobacteria","Gammaproteobacteria","Burkholderiales","Oxalobacteraceae","Undibacterium"
"ASV12459","Bacteria","Proteobacteria","Gammaproteobacteria","Burkholderiales","Oxalobacteraceae","Undibacterium"
"ASV12480","Bacteria","Proteobacteria","Gammaproteobacteria","Burkholderiales","Oxalobacteraceae","Herminiimonas"
"ASV12481","Bacteria","Proteobacteria","Gammaproteobacteria","Burkholderiales","Oxalobacteraceae","Herminiimonas"
"ASV12483","Bacteria","Proteobacteria","Gammaproteobacteria","Burkholderiales","Oxalobacteraceae","Herminiimonas"
"ASV12485","Bacteria","Proteobacteria","Gammaproteobacteria","Burkholderiales","Oxalobacteraceae","Herminiimonas"
"ASV12487","Bacteria","Proteobacteria","Gammaproteobacteria","Burkholderiales","Oxalobacteraceae","Herminiimonas"
"ASV12488","Bacteria","Proteobacteria","Gammaproteobacteria","Burkholderiales","Oxalobacteraceae","Herminiimonas"
"ASV12491","Bacteria","Proteobacteria","Gammaproteobacteria","Burkholderiales","Oxalobacteraceae","Undibacterium"
"ASV12503","Bacteria","Proteobacteria","Gammaproteobacteria","Burkholderiales","Oxalobacteraceae","Herminiimonas"
"ASV12506","Bacteria","Proteobacteria","Gammaproteobacteria","Burkholderiales","Oxalobacteraceae","Undibacterium"
"ASV12511","Bacteria","Proteobacteria","Gammaproteobacteria","Burkholderiales","Oxalobacteraceae","Undibacterium"
"ASV12544","Bacteria","Proteobacteria","Gammaproteobacteria","Burkholderiales","Unclassified_Burkholderiales","Unclassified_Burkholderiales"
"ASV12546","Bacteria","Proteobacteria","Gammaproteobacteria","Burkholderiales","Oxalobacteraceae","Herbaspirillum"
"ASV12553","Bacteria","Proteobacteria","Gammaproteobacteria","Burkholderiales","Oxalobacteraceae","Massilia"
"ASV12555","Bacteria","Proteobacteria","Gammaproteobacteria","Burkholderiales","Oxalobacteraceae","Massilia"
"ASV12560","Bacteria","Proteobacteria","Gammaproteobacteria","Burkholderiales","Oxalobacteraceae","Massilia"
"ASV12565","Bacteria","Proteobacteria","Gammaproteobacteria","Burkholderiales","Oxalobacteraceae","Janthinobacterium"
"ASV12566","Bacteria","Proteobacteria","Gammaproteobacteria","Burkholderiales","Oxalobacteraceae","Janthinobacterium"
"ASV12569","Bacteria","Proteobacteria","Gammaproteobacteria","Burkholderiales","Oxalobacteraceae","Unclassified_Oxalobacteraceae"
"ASV12577","Bacteria","Proteobacteria","Gammaproteobacteria","Burkholderiales","Oxalobacteraceae","Unclassified_Oxalobacteraceae"
"ASV12578","Bacteria","Proteobacteria","Gammaproteobacteria","Burkholderiales","Oxalobacteraceae","Unclassified_Oxalobacteraceae"
"ASV12579","Bacteria","Proteobacteria","Gammaproteobacteria","Burkholderiales","Oxalobacteraceae","Unclassified_Oxalobacteraceae"
"ASV12587","Bacteria","Proteobacteria","Gammaproteobacteria","Burkholderiales","Oxalobacteraceae","Unclassified_Oxalobacteraceae"
"ASV12614","Bacteria","Proteobacteria","Gammaproteobacteria","Burkholderiales","Oxalobacteraceae","Unclassified_Oxalobacteraceae"
"ASV12626","Bacteria","Proteobacteria","Gammaproteobacteria","Burkholderiales","Oxalobacteraceae","Unclassified_Oxalobacteraceae"
"ASV12628","Bacteria","Proteobacteria","Gammaproteobacteria","Burkholderiales","Oxalobacteraceae","Unclassified_Oxalobacteraceae"
"ASV12631","Bacteria","Proteobacteria","Gammaproteobacteria","Burkholderiales","Oxalobacteraceae","Unclassified_Oxalobacteraceae"
"ASV12634","Bacteria","Proteobacteria","Gammaproteobacteria","Burkholderiales","Oxalobacteraceae","Unclassified_Oxalobacteraceae"
"ASV12635","Bacteria","Proteobacteria","Gammaproteobacteria","Burkholderiales","Oxalobacteraceae","Unclassified_Oxalobacteraceae"
"ASV12642","Bacteria","Proteobacteria","Gammaproteobacteria","Burkholderiales","Oxalobacteraceae","Unclassified_Oxalobacteraceae"
"ASV12643","Bacteria","Proteobacteria","Gammaproteobacteria","Burkholderiales","Oxalobacteraceae","Unclassified_Oxalobacteraceae"
"ASV12647","Bacteria","Proteobacteria","Gammaproteobacteria","Burkholderiales","Oxalobacteraceae","Unclassified_Oxalobacteraceae"
"ASV12653","Bacteria","Proteobacteria","Gammaproteobacteria","Burkholderiales","Oxalobacteraceae","Unclassified_Oxalobacteraceae"
"ASV12671","Bacteria","Proteobacteria","Gammaproteobacteria","Burkholderiales","Oxalobacteraceae","Glaciimonas"
"ASV12673","Bacteria","Proteobacteria","Gammaproteobacteria","Burkholderiales","Oxalobacteraceae","Glaciimonas"
"ASV12674","Bacteria","Proteobacteria","Gammaproteobacteria","Burkholderiales","Oxalobacteraceae","Glaciimonas"
"ASV23","Bacteria","Proteobacteria","Gammaproteobacteria","Burkholderiales","Sutterellaceae","Unclassified_Sutterellaceae"
"ASV35","Bacteria","Proteobacteria","Gammaproteobacteria","Burkholderiales","Sutterellaceae","Unclassified_Sutterellaceae"
"ASV50","Bacteria","Proteobacteria","Gammaproteobacteria","Burkholderiales","Sutterellaceae","Unclassified_Sutterellaceae"
"ASV52","Bacteria","Proteobacteria","Gammaproteobacteria","Burkholderiales","Burkholderiaceae","Polynucleobacter"
"ASV71","Bacteria","Proteobacteria","Gammaproteobacteria","Burkholderiales","Burkholderiaceae","Polynucleobacter"
"ASV74","Bacteria","Proteobacteria","Gammaproteobacteria","Burkholderiales","Burkholderiaceae","Polynucleobacter"
"ASV12200","Bacteria","Proteobacteria","Gammaproteobacteria","Burkholderiales","Burkholderiaceae","Cupriavidus"
"ASV12201","Bacteria","Proteobacteria","Gammaproteobacteria","Burkholderiales","Burkholderiaceae","Cupriavidus"
"ASV12202","Bacteria","Proteobacteria","Gammaproteobacteria","Burkholderiales","Burkholderiaceae","Cupriavidus"
"ASV11931","Bacteria","Proteobacteria","Gammaproteobacteria","Burkholderiales","Comamonadaceae","Rhizobacter"
"ASV11938","Bacteria","Proteobacteria","Gammaproteobacteria","Burkholderiales","Comamonadaceae","Paucibacter"
"ASV11941","Bacteria","Proteobacteria","Gammaproteobacteria","Burkholderiales","Comamonadaceae","Rhizobacter"
"ASV11947","Bacteria","Proteobacteria","Gammaproteobacteria","Burkholderiales","Comamonadaceae","Leptothrix"
"ASV11952","Bacteria","Proteobacteria","Gammaproteobacteria","Burkholderiales","Comamonadaceae","Leptothrix"
"ASV11955","Bacteria","Proteobacteria","Gammaproteobacteria","Burkholderiales","Comamonadaceae","Unclassified_Comamonadaceae"
"ASV11956","Bacteria","Proteobacteria","Gammaproteobacteria","Burkholderiales","Comamonadaceae","Leptothrix"
"ASV11957","Bacteria","Proteobacteria","Gammaproteobacteria","Burkholderiales","Comamonadaceae","Aquabacterium"
"ASV11960","Bacteria","Proteobacteria","Gammaproteobacteria","Burkholderiales","Comamonadaceae","Aquabacterium"
"ASV11961","Bacteria","Proteobacteria","Gammaproteobacteria","Burkholderiales","Comamonadaceae","Aquabacterium"
"ASV11970","Bacteria","Proteobacteria","Gammaproteobacteria","Burkholderiales","Comamonadaceae","Unclassified_Comamonadaceae"
"ASV11976","Bacteria","Proteobacteria","Gammaproteobacteria","Burkholderiales","Oxalobacteraceae","Unclassified_Oxalobacteraceae"
"ASV12039","Bacteria","Proteobacteria","Gammaproteobacteria","Burkholderiales","Comamonadaceae","Rhodoferax"
"ASV12040","Bacteria","Proteobacteria","Gammaproteobacteria","Burkholderiales","Comamonadaceae","Rhodoferax"
"ASV12044","Bacteria","Proteobacteria","Gammaproteobacteria","Burkholderiales","Comamonadaceae","Unclassified_Comamonadaceae"
"ASV12049","Bacteria","Proteobacteria","Gammaproteobacteria","Burkholderiales","Comamonadaceae","Rhodoferax"
"ASV12053","Bacteria","Proteobacteria","Gammaproteobacteria","Burkholderiales","Comamonadaceae","Rhodoferax"
"ASV12054","Bacteria","Proteobacteria","Gammaproteobacteria","Burkholderiales","Comamonadaceae","Polaromonas"
"ASV12055","Bacteria","Proteobacteria","Gammaproteobacteria","Burkholderiales","Comamonadaceae","Polaromonas"
"ASV12063","Bacteria","Proteobacteria","Gammaproteobacteria","Burkholderiales","Comamonadaceae","Polaromonas"
"ASV12066","Bacteria","Proteobacteria","Gammaproteobacteria","Burkholderiales","Comamonadaceae","Xylophilus"
"ASV12078","Bacteria","Proteobacteria","Gammaproteobacteria","Burkholderiales","Comamonadaceae","Rhodoferax"
"ASV12080","Bacteria","Proteobacteria","Gammaproteobacteria","Burkholderiales","Comamonadaceae","Rhodoferax"
"ASV12084","Bacteria","Proteobacteria","Gammaproteobacteria","Burkholderiales","Comamonadaceae","Rhodoferax"
"ASV12087","Bacteria","Proteobacteria","Gammaproteobacteria","Burkholderiales","Comamonadaceae","Rhodoferax"
"ASV12088","Bacteria","Proteobacteria","Gammaproteobacteria","Burkholderiales","Comamonadaceae","Rhodoferax"
"ASV12095","Bacteria","Proteobacteria","Gammaproteobacteria","Burkholderiales","Comamonadaceae","Rhodoferax"
"ASV12108","Bacteria","Proteobacteria","Gammaproteobacteria","Burkholderiales","Comamonadaceae","Variovorax"
"ASV12109","Bacteria","Proteobacteria","Gammaproteobacteria","Burkholderiales","Comamonadaceae","Variovorax"
"ASV12110","Bacteria","Proteobacteria","Gammaproteobacteria","Burkholderiales","Comamonadaceae","Variovorax"
"ASV623","Bacteria","Proteobacteria","Gammaproteobacteria","Burkholderiales","Chitinibacteraceae","Formivibrio"
"ASV628","Bacteria","Proteobacteria","Gammaproteobacteria","Burkholderiales","Chromobacteriaceae","Aquitalea"
"ASV636","Bacteria","Proteobacteria","Gammaproteobacteria","Burkholderiales","Chromobacteriaceae","Aquitalea"
"ASV641","Bacteria","Proteobacteria","Gammaproteobacteria","Burkholderiales","Chromobacteriaceae","Paludibacterium"
"ASV647","Bacteria","Proteobacteria","Gammaproteobacteria","Burkholderiales","Chromobacteriaceae","Paludibacterium"
"ASV651","Bacteria","Proteobacteria","Gammaproteobacteria","Burkholderiales","Chromobacteriaceae","Paludibacterium"
"ASV653","Bacteria","Proteobacteria","Gammaproteobacteria","Burkholderiales","Chromobacteriaceae","Paludibacterium"
"ASV697","Bacteria","Proteobacteria","Gammaproteobacteria","Burkholderiales","Neisseriaceae","Unclassified_Neisseriaceae"
"ASV705","Bacteria","Proteobacteria","Gammaproteobacteria","Burkholderiales","Neisseriaceae","Unclassified_Neisseriaceae"
"ASV711","Bacteria","Proteobacteria","Gammaproteobacteria","Burkholderiales","Neisseriaceae","Unclassified_Neisseriaceae"
"ASV720","Bacteria","Proteobacteria","Gammaproteobacteria","Burkholderiales","Chitinimonadaceae","Chitinimonas"
"ASV731","Bacteria","Proteobacteria","Gammaproteobacteria","Burkholderiales","Methylophilaceae","Methylotenera"
"ASV747","Bacteria","Proteobacteria","Gammaproteobacteria","Burkholderiales","TRA3-20","Unclassified_TRA3-20"
"ASV767","Bacteria","Proteobacteria","Gammaproteobacteria","Burkholderiales","Ferrovaceae","Ferrovum"
"ASV11824","Bacteria","Proteobacteria","Gammaproteobacteria","Burkholderiales","Gallionellaceae","Gallionella"
"ASV11825","Bacteria","Proteobacteria","Gammaproteobacteria","Burkholderiales","Gallionellaceae","Gallionella"
"ASV11830","Bacteria","Proteobacteria","Gammaproteobacteria","Burkholderiales","Gallionellaceae","Gallionella"
"ASV11831","Bacteria","Proteobacteria","Gammaproteobacteria","Burkholderiales","Gallionellaceae","Gallionella"
"ASV11836","Bacteria","Proteobacteria","Gammaproteobacteria","Burkholderiales","Gallionellaceae","Gallionella"
"ASV11838","Bacteria","Proteobacteria","Gammaproteobacteria","Burkholderiales","Gallionellaceae","Gallionella"
"ASV11839","Bacteria","Proteobacteria","Gammaproteobacteria","Burkholderiales","Gallionellaceae","Gallionella"
"ASV11841","Bacteria","Proteobacteria","Gammaproteobacteria","Burkholderiales","Gallionellaceae","Gallionella"
"ASV11867","Bacteria","Proteobacteria","Gammaproteobacteria","Burkholderiales","Hydrogenophilaceae","Unclassified_Hydrogenophilaceae"
"ASV11870","Bacteria","Proteobacteria","Gammaproteobacteria","Burkholderiales","Hydrogenophilaceae","Unclassified_Hydrogenophilaceae"
"ASV11873","Bacteria","Proteobacteria","Gammaproteobacteria","Burkholderiales","Hydrogenophilaceae","Unclassified_Hydrogenophilaceae"
"ASV791","Bacteria","Proteobacteria","Gammaproteobacteria","Burkholderiales","Rhodocyclaceae","Azovibrio"
"ASV801","Bacteria","Proteobacteria","Gammaproteobacteria","Burkholderiales","Burkholderiaceae","Burkholderia-Caballeronia-Paraburkholderia"
"ASV810","Bacteria","Proteobacteria","Gammaproteobacteria","Burkholderiales","Burkholderiaceae","Burkholderia-Caballeronia-Paraburkholderia"
"ASV816","Bacteria","Proteobacteria","Gammaproteobacteria","Burkholderiales","Burkholderiaceae","Burkholderia-Caballeronia-Paraburkholderia"
"ASV819","Bacteria","Proteobacteria","Gammaproteobacteria","Burkholderiales","Burkholderiaceae","Burkholderia-Caballeronia-Paraburkholderia"
"ASV830","Bacteria","Proteobacteria","Gammaproteobacteria","Burkholderiales","Burkholderiaceae","Burkholderia-Caballeronia-Paraburkholderia"
"ASV837","Bacteria","Proteobacteria","Gammaproteobacteria","Burkholderiales","Burkholderiaceae","Burkholderia-Caballeronia-Paraburkholderia"
"ASV839","Bacteria","Proteobacteria","Gammaproteobacteria","Burkholderiales","Burkholderiaceae","Burkholderia-Caballeronia-Paraburkholderia"
"ASV851","Bacteria","Proteobacteria","Gammaproteobacteria","Burkholderiales","Burkholderiaceae","Pandoraea"
"ASV896","Bacteria","Proteobacteria","Gammaproteobacteria","Burkholderiales","Gallionellaceae","Sideroxydans"
"ASV906","Bacteria","Proteobacteria","Gammaproteobacteria","Burkholderiales","Gallionellaceae","Candidatus Nitrotoga"
"ASV908","Bacteria","Proteobacteria","Gammaproteobacteria","Burkholderiales","Gallionellaceae","Candidatus Nitrotoga"
"ASV933","Bacteria","Proteobacteria","Gammaproteobacteria","Burkholderiales","Gallionellaceae","Unclassified_Gallionellaceae"
"ASV940","Bacteria","Proteobacteria","Gammaproteobacteria","Burkholderiales","Gallionellaceae","Sideroxydans"
"ASV941","Bacteria","Proteobacteria","Gammaproteobacteria","Burkholderiales","Gallionellaceae","Sideroxydans"
"ASV943","Bacteria","Proteobacteria","Gammaproteobacteria","Burkholderiales","Gallionellaceae","Sideroxydans"
"ASV944","Bacteria","Proteobacteria","Gammaproteobacteria","Burkholderiales","Gallionellaceae","Sideroxydans"
"ASV952","Bacteria","Proteobacteria","Gammaproteobacteria","Burkholderiales","Gallionellaceae","Sideroxydans"
"ASV956","Bacteria","Proteobacteria","Gammaproteobacteria","Burkholderiales","Gallionellaceae","Sideroxydans"
"ASV976","Bacteria","Proteobacteria","Gammaproteobacteria","Burkholderiales","Hydrogenophilaceae","Unclassified_Hydrogenophilaceae"
"ASV979","Bacteria","Proteobacteria","Gammaproteobacteria","Burkholderiales","Rhodocyclaceae","Sulfuritalea"
"ASV991","Bacteria","Proteobacteria","Gammaproteobacteria","Burkholderiales","Rhodocyclaceae","Sterolibacterium"
"ASV994","Bacteria","Proteobacteria","Gammaproteobacteria","Burkholderiales","Rhodocyclaceae","Sterolibacterium"
"ASV1018","Bacteria","Proteobacteria","Gammaproteobacteria","Burkholderiales","Gallionellaceae","Candidatus Nitrotoga"
"ASV1021","Bacteria","Proteobacteria","Gammaproteobacteria","Burkholderiales","Gallionellaceae","Candidatus Nitrotoga"
"ASV1023","Bacteria","Proteobacteria","Gammaproteobacteria","Burkholderiales","Gallionellaceae","Candidatus Nitrotoga"
"ASV1026","Bacteria","Proteobacteria","Gammaproteobacteria","Burkholderiales","Gallionellaceae","Candidatus Nitrotoga"
"ASV1031","Bacteria","Proteobacteria","Gammaproteobacteria","Burkholderiales","Gallionellaceae","Candidatus Nitrotoga"
"ASV1035","Bacteria","Proteobacteria","Gammaproteobacteria","Burkholderiales","Gallionellaceae","Candidatus Nitrotoga"
"ASV1038","Bacteria","Proteobacteria","Gammaproteobacteria","Burkholderiales","Gallionellaceae","Candidatus Nitrotoga"
"ASV1039","Bacteria","Proteobacteria","Gammaproteobacteria","Burkholderiales","Gallionellaceae","Candidatus Nitrotoga"
"ASV1040","Bacteria","Proteobacteria","Gammaproteobacteria","Burkholderiales","Gallionellaceae","Candidatus Nitrotoga"
"ASV1042","Bacteria","Proteobacteria","Gammaproteobacteria","Burkholderiales","Gallionellaceae","Candidatus Nitrotoga"
"ASV1044","Bacteria","Proteobacteria","Gammaproteobacteria","Burkholderiales","Gallionellaceae","Candidatus Nitrotoga"
"ASV1053","Bacteria","Proteobacteria","Gammaproteobacteria","Burkholderiales","Gallionellaceae","Candidatus Nitrotoga"
"ASV1058","Bacteria","Proteobacteria","Gammaproteobacteria","Burkholderiales","Gallionellaceae","Candidatus Nitrotoga"
"ASV1059","Bacteria","Proteobacteria","Gammaproteobacteria","Burkholderiales","Gallionellaceae","Gallionella"
"ASV1084","Bacteria","Proteobacteria","Gammaproteobacteria","Burkholderiales","Gallionellaceae","Candidatus Nitrotoga"
"ASV11806","Bacteria","Proteobacteria","Gammaproteobacteria","Burkholderiales","Rhodocyclaceae","Unclassified_Rhodocyclaceae"
"ASV1105","Bacteria","Proteobacteria","Gammaproteobacteria","Burkholderiales","Nitrosomonadaceae","GOUTA6"
"ASV1129","Bacteria","Proteobacteria","Gammaproteobacteria","Burkholderiales","Comamonadaceae","Thiomonas"
"ASV1130","Bacteria","Proteobacteria","Gammaproteobacteria","Burkholderiales","Comamonadaceae","Thiomonas"
"ASV1137","Bacteria","Proteobacteria","Gammaproteobacteria","Burkholderiales","B1-7BS","Unclassified_B1-7BS"
"ASV1147","Bacteria","Proteobacteria","Gammaproteobacteria","Burkholderiales","Unclassified_Burkholderiales","Unclassified_Burkholderiales"
"ASV1177","Bacteria","Proteobacteria","Gammaproteobacteria","Burkholderiales","Rhodocyclaceae","Azovibrio"
"ASV1180","Bacteria","Proteobacteria","Gammaproteobacteria","Burkholderiales","Rhodocyclaceae","Azovibrio"
"ASV1299","Bacteria","Proteobacteria","Gammaproteobacteria","Pseudomonadales","Moraxellaceae","Alkanindiges"
"ASV1303","Bacteria","Proteobacteria","Gammaproteobacteria","Pseudomonadales","Moraxellaceae","Alkanindiges"
"ASV1304","Bacteria","Proteobacteria","Gammaproteobacteria","Pseudomonadales","Moraxellaceae","Alkanindiges"
"ASV1312","Bacteria","Proteobacteria","Gammaproteobacteria","Pseudomonadales","Moraxellaceae","Alkanindiges"
"ASV1317","Bacteria","Proteobacteria","Gammaproteobacteria","Pseudomonadales","Moraxellaceae","Acinetobacter"
"ASV1331","Bacteria","Proteobacteria","Gammaproteobacteria","Enterobacterales","Enterobacteriaceae","Citrobacter"
"ASV1397","Bacteria","Proteobacteria","Alphaproteobacteria","Acetobacterales","Acetobacteraceae","Acidisphaera"
"ASV1401","Bacteria","Proteobacteria","Alphaproteobacteria","Acetobacterales","Acetobacteraceae","Acidisphaera"
"ASV1403","Bacteria","Proteobacteria","Alphaproteobacteria","Acetobacterales","Acetobacteraceae","Acidisphaera"
"ASV1415","Bacteria","Proteobacteria","Alphaproteobacteria","Acetobacterales","Acetobacteraceae","Unclassified_Acetobacteraceae"
"ASV1419","Bacteria","Proteobacteria","Alphaproteobacteria","Acetobacterales","Acetobacteraceae","Unclassified_Acetobacteraceae"
"ASV1422","Bacteria","Proteobacteria","Alphaproteobacteria","Acetobacterales","Acetobacteraceae","Rhodovastum"
"ASV1459","Bacteria","Proteobacteria","Alphaproteobacteria","Acetobacterales","Acetobacteraceae","Acidocella"
"ASV1461","Bacteria","Proteobacteria","Alphaproteobacteria","Acetobacterales","Acetobacteraceae","Acidocella"
"ASV1464","Bacteria","Proteobacteria","Alphaproteobacteria","Acetobacterales","Acetobacteraceae","Acidocella"
"ASV1499","Bacteria","Proteobacteria","Alphaproteobacteria","Acetobacterales","Acetobacteraceae","Acidocella"
"ASV1505","Bacteria","Proteobacteria","Alphaproteobacteria","Acetobacterales","Acetobacteraceae","Acidocella"
"ASV1511","Bacteria","Proteobacteria","Alphaproteobacteria","Acetobacterales","Acetobacteraceae","Acidocella"
"ASV1516","Bacteria","Proteobacteria","Alphaproteobacteria","Acetobacterales","Acetobacteraceae","Acidocella"
"ASV1529","Bacteria","Proteobacteria","Alphaproteobacteria","Acetobacterales","Acetobacteraceae","Acidocella"
"ASV1530","Bacteria","Proteobacteria","Alphaproteobacteria","Acetobacterales","Acetobacteraceae","Acidocella"
"ASV1537","Bacteria","Proteobacteria","Alphaproteobacteria","Acetobacterales","Acetobacteraceae","Acidocella"
"ASV1539","Bacteria","Proteobacteria","Alphaproteobacteria","Acetobacterales","Acetobacteraceae","Acidocella"
"ASV1548","Bacteria","Proteobacteria","Alphaproteobacteria","Acetobacterales","Acetobacteraceae","Acidocella"
"ASV1550","Bacteria","Proteobacteria","Alphaproteobacteria","Acetobacterales","Acetobacteraceae","Acidocella"
"ASV1558","Bacteria","Proteobacteria","Alphaproteobacteria","Acetobacterales","Acetobacteraceae","Acidocella"
"ASV1711","Bacteria","Proteobacteria","Alphaproteobacteria","Acetobacterales","Acetobacteraceae","Unclassified_Acetobacteraceae"
"ASV1722","Bacteria","Proteobacteria","Alphaproteobacteria","Acetobacterales","Acetobacteraceae","Unclassified_Acetobacteraceae"
"ASV1726","Bacteria","Proteobacteria","Alphaproteobacteria","Acetobacterales","Acetobacteraceae","Unclassified_Acetobacteraceae"
"ASV1729","Bacteria","Proteobacteria","Alphaproteobacteria","Acetobacterales","Acetobacteraceae","Unclassified_Acetobacteraceae"
"ASV1750","Bacteria","Proteobacteria","Alphaproteobacteria","Acetobacterales","Acetobacteraceae","Unclassified_Acetobacteraceae"
"ASV1777","Bacteria","Proteobacteria","Alphaproteobacteria","Acetobacterales","Acetobacteraceae","Rhodovastum"
"ASV1821","Bacteria","Proteobacteria","Alphaproteobacteria","Acetobacterales","Acetobacteraceae","Rhodovastum"
"ASV1942","Bacteria","Proteobacteria","Alphaproteobacteria","Acetobacterales","Acetobacteraceae","Unclassified_Acetobacteraceae"
"ASV1946","Bacteria","Proteobacteria","Alphaproteobacteria","Acetobacterales","Acetobacteraceae","Unclassified_Acetobacteraceae"
"ASV1948","Bacteria","Proteobacteria","Alphaproteobacteria","Acetobacterales","Acetobacteraceae","Unclassified_Acetobacteraceae"
"ASV1952","Bacteria","Proteobacteria","Alphaproteobacteria","Acetobacterales","Acetobacteraceae","Rhodovastum"
"ASV1966","Bacteria","Proteobacteria","Alphaproteobacteria","Acetobacterales","Acetobacteraceae","Rhodovastum"
"ASV1968","Bacteria","Proteobacteria","Alphaproteobacteria","Acetobacterales","Acetobacteraceae","Rhodovastum"
"ASV1975","Bacteria","Proteobacteria","Alphaproteobacteria","Acetobacterales","Acetobacteraceae","Rhodovastum"
"ASV1977","Bacteria","Proteobacteria","Alphaproteobacteria","Acetobacterales","Acetobacteraceae","Rhodovastum"
"ASV1983","Bacteria","Proteobacteria","Alphaproteobacteria","Acetobacterales","Acetobacteraceae","Rhodovastum"
"ASV2014","Bacteria","Proteobacteria","Alphaproteobacteria","Acetobacterales","Acetobacteraceae","Unclassified_Acetobacteraceae"
"ASV2015","Bacteria","Proteobacteria","Alphaproteobacteria","Acetobacterales","Acetobacteraceae","Unclassified_Acetobacteraceae"
"ASV2021","Bacteria","Proteobacteria","Alphaproteobacteria","Acetobacterales","Acetobacteraceae","Unclassified_Acetobacteraceae"
"ASV2023","Bacteria","Proteobacteria","Alphaproteobacteria","Acetobacterales","Acetobacteraceae","Unclassified_Acetobacteraceae"
"ASV2035","Bacteria","Proteobacteria","Alphaproteobacteria","Acetobacterales","Acetobacteraceae","Rhodopila"
"ASV2040","Bacteria","Proteobacteria","Alphaproteobacteria","Acetobacterales","Acetobacteraceae","Unclassified_Acetobacteraceae"
"ASV2051","Bacteria","Proteobacteria","Alphaproteobacteria","Acetobacterales","Acetobacteraceae","Unclassified_Acetobacteraceae"
"ASV2054","Bacteria","Proteobacteria","Alphaproteobacteria","Acetobacterales","Acetobacteraceae","Unclassified_Acetobacteraceae"
"ASV2058","Bacteria","Proteobacteria","Alphaproteobacteria","Acetobacterales","Acetobacteraceae","Rhodopila"
"ASV2064","Bacteria","Proteobacteria","Alphaproteobacteria","Acetobacterales","Acetobacteraceae","Unclassified_Acetobacteraceae"
"ASV2066","Bacteria","Proteobacteria","Alphaproteobacteria","Acetobacterales","Acetobacteraceae","Unclassified_Acetobacteraceae"
"ASV2068","Bacteria","Proteobacteria","Alphaproteobacteria","Acetobacterales","Acetobacteraceae","Unclassified_Acetobacteraceae"
"ASV2072","Bacteria","Proteobacteria","Alphaproteobacteria","Acetobacterales","Acetobacteraceae","Unclassified_Acetobacteraceae"
"ASV2077","Bacteria","Proteobacteria","Alphaproteobacteria","Acetobacterales","Acetobacteraceae","Unclassified_Acetobacteraceae"
"ASV2078","Bacteria","Proteobacteria","Alphaproteobacteria","Acetobacterales","Acetobacteraceae","Unclassified_Acetobacteraceae"
"ASV2090","Bacteria","Proteobacteria","Alphaproteobacteria","Acetobacterales","Acetobacteraceae","Unclassified_Acetobacteraceae"
"ASV2097","Bacteria","Proteobacteria","Alphaproteobacteria","Acetobacterales","Acetobacteraceae","Unclassified_Acetobacteraceae"
"ASV2104","Bacteria","Proteobacteria","Alphaproteobacteria","Acetobacterales","Acetobacteraceae","Unclassified_Acetobacteraceae"
"ASV11789","Bacteria","Proteobacteria","Gammaproteobacteria","Xanthomonadales","Rhodanobacteraceae","Rhodanobacter"
"ASV2129","Bacteria","Proteobacteria","Gammaproteobacteria","Legionellales","Legionellaceae","Legionella"
"ASV2132","Bacteria","Proteobacteria","Gammaproteobacteria","Legionellales","Legionellaceae","Legionella"
"ASV2141","Bacteria","Proteobacteria","Gammaproteobacteria","Legionellales","Legionellaceae","Legionella"
"ASV2150","Bacteria","Proteobacteria","Gammaproteobacteria","Legionellales","Legionellaceae","Legionella"
"ASV2152","Bacteria","Proteobacteria","Gammaproteobacteria","Legionellales","Legionellaceae","Legionella"
"ASV2175","Bacteria","Proteobacteria","Gammaproteobacteria","Legionellales","Legionellaceae","Legionella"
"ASV2182","Bacteria","Proteobacteria","Gammaproteobacteria","Legionellales","Legionellaceae","Legionella"
"ASV2208","Bacteria","Proteobacteria","Gammaproteobacteria","Legionellales","Legionellaceae","Legionella"
"ASV2228","Bacteria","Proteobacteria","Gammaproteobacteria","Legionellales","Legionellaceae","Legionella"
"ASV2238","Bacteria","Proteobacteria","Gammaproteobacteria","Legionellales","Legionellaceae","Legionella"
"ASV2247","Bacteria","Proteobacteria","Gammaproteobacteria","Legionellales","Legionellaceae","Legionella"
"ASV2285","Bacteria","Proteobacteria","Gammaproteobacteria","WD260","Unclassified_WD260","Unclassified_WD260"
"ASV2328","Bacteria","Proteobacteria","Gammaproteobacteria","WD260","Unclassified_WD260","Unclassified_WD260"
"ASV2331","Bacteria","Proteobacteria","Gammaproteobacteria","WD260","Unclassified_WD260","Unclassified_WD260"
"ASV2346","Bacteria","Proteobacteria","Gammaproteobacteria","WD260","Unclassified_WD260","Unclassified_WD260"
"ASV2360","Bacteria","Proteobacteria","Gammaproteobacteria","Steroidobacterales","Steroidobacteraceae","Unclassified_Steroidobacteraceae"
"ASV2363","Bacteria","Proteobacteria","Gammaproteobacteria","Steroidobacterales","Steroidobacteraceae","Unclassified_Steroidobacteraceae"
"ASV2371","Bacteria","Proteobacteria","Gammaproteobacteria","Steroidobacterales","Steroidobacteraceae","Unclassified_Steroidobacteraceae"
"ASV2928","Bacteria","Proteobacteria","Gammaproteobacteria","Diplorickettsiales","Diplorickettsiaceae","Unclassified_Diplorickettsiaceae"
"ASV2951","Bacteria","Proteobacteria","Gammaproteobacteria","Diplorickettsiales","Diplorickettsiaceae","Unclassified_Diplorickettsiaceae"
"ASV2952","Bacteria","Proteobacteria","Gammaproteobacteria","Diplorickettsiales","Diplorickettsiaceae","Unclassified_Diplorickettsiaceae"
"ASV3267","Bacteria","Proteobacteria","Gammaproteobacteria","Gammaproteobacteria Incertae Sedis","Unknown Family","Candidatus Ovatusbacter"
"ASV3327","Bacteria","Proteobacteria","Gammaproteobacteria","Diplorickettsiales","Diplorickettsiaceae","Unclassified_Diplorickettsiaceae"
"ASV3328","Bacteria","Proteobacteria","Gammaproteobacteria","Diplorickettsiales","Diplorickettsiaceae","Unclassified_Diplorickettsiaceae"
"ASV3337","Bacteria","Proteobacteria","Gammaproteobacteria","Unclassified_Gammaproteobacteria","Unclassified_Gammaproteobacteria","Unclassified_Gammaproteobacteria"
"ASV3379","Bacteria","Proteobacteria","Gammaproteobacteria","Unclassified_Gammaproteobacteria","Unclassified_Gammaproteobacteria","Unclassified_Gammaproteobacteria"
"ASV3391","Bacteria","Proteobacteria","Gammaproteobacteria","Unclassified_Gammaproteobacteria","Unclassified_Gammaproteobacteria","Unclassified_Gammaproteobacteria"
"ASV3428","Bacteria","Proteobacteria","Gammaproteobacteria","BD72BR169","Unclassified_BD72BR169","Unclassified_BD72BR169"
